,Generator,Hour,Slot,Dispatch
"('solar1', 1, 1)",solar1,1,1,0.0
"('ng3', 1, 1)",ng3,1,1,381.269974456298
"('ng0', 1, 1)",ng0,1,1,200.0
"('wind0', 1, 1)",wind0,1,1,45.8122894329695
"('solar0', 1, 1)",solar0,1,1,0.0
"('solar2', 1, 1)",solar2,1,1,0.0
"('ng2', 1, 1)",ng2,1,1,0.0
"('wind2', 1, 1)",wind2,1,1,50.2057498906573
"('ng1', 1, 1)",ng1,1,1,0.0
"('ng4', 1, 1)",ng4,1,1,0.0
"('wind1', 1, 1)",wind1,1,1,7.82812056531873
"('solar1', 1, 2)",solar1,1,2,0.0
"('ng3', 1, 2)",ng3,1,2,400.0
"('ng0', 1, 2)",ng0,1,2,200.0
"('wind0', 1, 2)",wind0,1,2,40.6726782202164
"('solar0', 1, 2)",solar0,1,2,0.0
"('solar2', 1, 2)",solar2,1,2,0.0
"('ng2', 1, 2)",ng2,1,2,0.0
"('wind2', 1, 2)",wind2,1,2,47.9890356732466
"('ng1', 1, 2)",ng1,1,2,28.7854266587135
"('ng4', 1, 2)",ng4,1,2,0.0
"('wind1', 1, 2)",wind1,1,2,7.60850885181948
"('solar1', 1, 3)",solar1,1,3,0.0
"('ng3', 1, 3)",ng3,1,3,400.0
"('ng0', 1, 3)",ng0,1,3,200.0
"('wind0', 1, 3)",wind0,1,3,42.4607326008907
"('solar0', 1, 3)",solar0,1,3,0.0
"('solar2', 1, 3)",solar2,1,3,0.0
"('ng2', 1, 3)",ng2,1,3,0.0
"('wind2', 1, 3)",wind2,1,3,42.3823760403204
"('ng1', 1, 3)",ng1,1,3,37.539778073009
"('ng4', 1, 3)",ng4,1,3,0.0
"('wind1', 1, 3)",wind1,1,3,6.67879470642243
"('solar1', 1, 4)",solar1,1,4,0.0
"('ng3', 1, 4)",ng3,1,4,400.0
"('ng0', 1, 4)",ng0,1,4,200.0
"('wind0', 1, 4)",wind0,1,4,38.598380655263
"('solar0', 1, 4)",solar0,1,4,0.0
"('solar2', 1, 4)",solar2,1,4,0.0
"('ng2', 1, 4)",ng2,1,4,0.0
"('wind2', 1, 4)",wind2,1,4,44.9920943261265
"('ng1', 1, 4)",ng1,1,4,35.0079716807837
"('ng4', 1, 4)",ng4,1,4,0.0
"('wind1', 1, 4)",wind1,1,4,4.94888475469562
"('solar1', 1, 5)",solar1,1,5,0.0
"('ng3', 1, 5)",ng3,1,5,400.0
"('ng0', 1, 5)",ng0,1,5,200.0
"('wind0', 1, 5)",wind0,1,5,33.729953401275
"('solar0', 1, 5)",solar0,1,5,0.0
"('solar2', 1, 5)",solar2,1,5,0.0
"('ng2', 1, 5)",ng2,1,5,0.0
"('wind2', 1, 5)",wind2,1,5,46.9307637647038
"('ng1', 1, 5)",ng1,1,5,43.6641501668191
"('ng4', 1, 5)",ng4,1,5,0.0
"('wind1', 1, 5)",wind1,1,5,4.12151630774005
"('solar1', 1, 6)",solar1,1,6,0.0
"('ng3', 1, 6)",ng3,1,6,400.0
"('ng0', 1, 6)",ng0,1,6,200.0
"('wind0', 1, 6)",wind0,1,6,31.2446776460019
"('solar0', 1, 6)",solar0,1,6,0.0
"('solar2', 1, 6)",solar2,1,6,0.0
"('ng2', 1, 6)",ng2,1,6,0.0
"('wind2', 1, 6)",wind2,1,6,48.6343578898345
"('ng1', 1, 6)",ng1,1,6,2.26696269096375
"('ng4', 1, 6)",ng4,1,6,0.0
"('wind1', 1, 6)",wind1,1,6,4.19761298812616
"('solar1', 2, 1)",solar1,2,1,0.0
"('ng3', 2, 1)",ng3,2,1,400.0
"('ng0', 2, 1)",ng0,2,1,200.0
"('wind0', 2, 1)",wind0,2,1,32.3294589742007
"('solar0', 2, 1)",solar0,2,1,0.0
"('solar2', 2, 1)",solar2,2,1,0.0
"('ng2', 2, 1)",ng2,2,1,0.0
"('wind2', 2, 1)",wind2,2,1,49.7038242301606
"('ng1', 2, 1)",ng1,2,1,24.8095634940269
"('ng4', 2, 1)",ng4,2,1,0.0
"('wind1', 2, 1)",wind1,2,1,4.41016038815281
"('solar1', 2, 2)",solar1,2,2,0.0
"('ng3', 2, 2)",ng3,2,2,400.0
"('ng0', 2, 2)",ng0,2,2,200.0
"('wind0', 2, 2)",wind0,2,2,27.0532666741791
"('solar0', 2, 2)",solar0,2,2,0.0
"('solar2', 2, 2)",solar2,2,2,0.0
"('ng2', 2, 2)",ng2,2,2,0.0
"('wind2', 2, 2)",wind2,2,2,46.8451277471525
"('ng1', 2, 2)",ng1,2,2,37.0229953529043
"('ng4', 2, 2)",ng4,2,2,0.0
"('wind1', 2, 2)",wind1,2,2,3.92264348207927
"('solar1', 2, 3)",solar1,2,3,0.0
"('ng3', 2, 3)",ng3,2,3,400.0
"('ng0', 2, 3)",ng0,2,3,200.0
"('wind0', 2, 3)",wind0,2,3,28.9747687541866
"('solar0', 2, 3)",solar0,2,3,0.0
"('solar2', 2, 3)",solar2,2,3,0.0
"('ng2', 2, 3)",ng2,2,3,0.0
"('wind2', 2, 3)",wind2,2,3,56.611324850097
"('ng1', 2, 3)",ng1,2,3,24.6281975064867
"('ng4', 2, 3)",ng4,2,3,0.0
"('wind1', 2, 3)",wind1,2,3,2.70587445133277
"('solar1', 2, 4)",solar1,2,4,0.0
"('ng3', 2, 4)",ng3,2,4,400.0
"('ng0', 2, 4)",ng0,2,4,200.0
"('wind0', 2, 4)",wind0,2,4,26.6664878548478
"('solar0', 2, 4)",solar0,2,4,0.0
"('solar2', 2, 4)",solar2,2,4,0.0
"('ng2', 2, 4)",ng2,2,4,0.0
"('wind2', 2, 4)",wind2,2,4,44.8822344188425
"('ng1', 2, 4)",ng1,2,4,57.6122297729582
"('ng4', 2, 4)",ng4,2,4,0.0
"('wind1', 2, 4)",wind1,2,4,1.95314576184819
"('solar1', 2, 5)",solar1,2,5,0.0
"('ng3', 2, 5)",ng3,2,5,400.0
"('ng0', 2, 5)",ng0,2,5,200.0
"('wind0', 2, 5)",wind0,2,5,28.9668210978246
"('solar0', 2, 5)",solar0,2,5,0.0
"('solar2', 2, 5)",solar2,2,5,0.0
"('ng2', 2, 5)",ng2,2,5,0.0
"('wind2', 2, 5)",wind2,2,5,45.0408250567004
"('ng1', 2, 5)",ng1,2,5,31.5233196294501
"('ng4', 2, 5)",ng4,2,5,0.0
"('wind1', 2, 5)",wind1,2,5,2.87787326611846
"('solar1', 2, 6)",solar1,2,6,0.0
"('ng3', 2, 6)",ng3,2,6,400.0
"('ng0', 2, 6)",ng0,2,6,200.0
"('wind0', 2, 6)",wind0,2,6,27.9034386194013
"('solar0', 2, 6)",solar0,2,6,0.0
"('solar2', 2, 6)",solar2,2,6,0.0
"('ng2', 2, 6)",ng2,2,6,0.0
"('wind2', 2, 6)",wind2,2,6,43.3478903783062
"('ng1', 2, 6)",ng1,2,6,63.8839486128273
"('ng4', 2, 6)",ng4,2,6,0.0
"('wind1', 2, 6)",wind1,2,6,3.54570299992328
"('solar1', 3, 1)",solar1,3,1,0.0
"('ng3', 3, 1)",ng3,3,1,400.0
"('ng0', 3, 1)",ng0,3,1,200.0
"('wind0', 3, 1)",wind0,3,1,30.5113232422468
"('solar0', 3, 1)",solar0,3,1,0.0
"('solar2', 3, 1)",solar2,3,1,0.0
"('ng2', 3, 1)",ng2,3,1,0.0
"('wind2', 3, 1)",wind2,3,1,43.7716836764711
"('ng1', 3, 1)",ng1,3,1,52.9646743146692
"('ng4', 3, 1)",ng4,3,1,0.0
"('wind1', 3, 1)",wind1,3,1,3.56410416409787
"('solar1', 3, 2)",solar1,3,2,0.0
"('ng3', 3, 2)",ng3,3,2,400.0
"('ng0', 3, 2)",ng0,3,2,200.0
"('wind0', 3, 2)",wind0,3,2,28.6794368348596
"('solar0', 3, 2)",solar0,3,2,0.0
"('solar2', 3, 2)",solar2,3,2,0.0
"('ng2', 3, 2)",ng2,3,2,0.0
"('wind2', 3, 2)",wind2,3,2,41.8479347537947
"('ng1', 3, 2)",ng1,3,2,16.0577497741782
"('ng4', 3, 2)",ng4,3,2,0.0
"('wind1', 3, 2)",wind1,3,2,3.80649765593261
"('solar1', 3, 3)",solar1,3,3,0.0
"('ng3', 3, 3)",ng3,3,3,400.0
"('ng0', 3, 3)",ng0,3,3,200.0
"('wind0', 3, 3)",wind0,3,3,36.4405492681258
"('solar0', 3, 3)",solar0,3,3,0.0
"('solar2', 3, 3)",solar2,3,3,0.0
"('ng2', 3, 3)",ng2,3,3,0.0
"('wind2', 3, 3)",wind2,3,3,42.0030685646299
"('ng1', 3, 3)",ng1,3,3,22.2193048454946
"('ng4', 3, 3)",ng4,3,3,0.0
"('wind1', 3, 3)",wind1,3,3,4.01195875001601
"('solar1', 3, 4)",solar1,3,4,0.0
"('ng3', 3, 4)",ng3,3,4,400.0
"('ng0', 3, 4)",ng0,3,4,200.0
"('wind0', 3, 4)",wind0,3,4,33.479206614587
"('solar0', 3, 4)",solar0,3,4,0.0
"('solar2', 3, 4)",solar2,3,4,0.0
"('ng2', 3, 4)",ng2,3,4,0.0
"('wind2', 3, 4)",wind2,3,4,35.9238932849316
"('ng1', 3, 4)",ng1,3,4,64.4300656946303
"('ng4', 3, 4)",ng4,3,4,0.0
"('wind1', 3, 4)",wind1,3,4,3.86304882115146
"('solar1', 3, 5)",solar1,3,5,0.0
"('ng3', 3, 5)",ng3,3,5,400.0
"('ng0', 3, 5)",ng0,3,5,200.0
"('wind0', 3, 5)",wind0,3,5,36.5006312972245
"('solar0', 3, 5)",solar0,3,5,0.0
"('solar2', 3, 5)",solar2,3,5,0.0
"('ng2', 3, 5)",ng2,3,5,0.0
"('wind2', 3, 5)",wind2,3,5,38.5480019392164
"('ng1', 3, 5)",ng1,3,5,54.3162071155965
"('ng4', 3, 5)",ng4,3,5,0.0
"('wind1', 3, 5)",wind1,3,5,4.9618411063958
"('solar1', 3, 6)",solar1,3,6,0.0
"('ng3', 3, 6)",ng3,3,6,400.0
"('ng0', 3, 6)",ng0,3,6,200.0
"('wind0', 3, 6)",wind0,3,6,36.4333553715949
"('solar0', 3, 6)",solar0,3,6,0.0
"('solar2', 3, 6)",solar2,3,6,0.0
"('ng2', 3, 6)",ng2,3,6,0.0
"('wind2', 3, 6)",wind2,3,6,37.1560900970026
"('ng1', 3, 6)",ng1,3,6,23.5169495230042
"('ng4', 3, 6)",ng4,3,6,0.0
"('wind1', 3, 6)",wind1,3,6,5.88146424770413
"('solar1', 4, 1)",solar1,4,1,0.0
"('ng3', 4, 1)",ng3,4,1,400.0
"('ng0', 4, 1)",ng0,4,1,200.0
"('wind0', 4, 1)",wind0,4,1,32.1492055055036
"('solar0', 4, 1)",solar0,4,1,0.0
"('solar2', 4, 1)",solar2,4,1,0.0
"('ng2', 4, 1)",ng2,4,1,0.0
"('wind2', 4, 1)",wind2,4,1,37.5185867216055
"('ng1', 4, 1)",ng1,4,1,26.6232742313334
"('ng4', 4, 1)",ng4,4,1,0.0
"('wind1', 4, 1)",wind1,4,1,6.51584178975798
"('solar1', 4, 2)",solar1,4,2,0.0
"('ng3', 4, 2)",ng3,4,2,400.0
"('ng0', 4, 2)",ng0,4,2,200.0
"('wind0', 4, 2)",wind0,4,2,31.0670636930073
"('solar0', 4, 2)",solar0,4,2,0.0
"('solar2', 4, 2)",solar2,4,2,0.0
"('ng2', 4, 2)",ng2,4,2,0.0
"('wind2', 4, 2)",wind2,4,2,32.0730037411276
"('ng1', 4, 2)",ng1,4,2,42.8502323867907
"('ng4', 4, 2)",ng4,4,2,0.0
"('wind1', 4, 2)",wind1,4,2,6.91424611020565
"('solar1', 4, 3)",solar1,4,3,0.0
"('ng3', 4, 3)",ng3,4,3,400.0
"('ng0', 4, 3)",ng0,4,3,200.0
"('wind0', 4, 3)",wind0,4,3,26.720898749837
"('solar0', 4, 3)",solar0,4,3,0.0
"('solar2', 4, 3)",solar2,4,3,0.0
"('ng2', 4, 3)",ng2,4,3,0.0
"('wind2', 4, 3)",wind2,4,3,33.335809357925
"('ng1', 4, 3)",ng1,4,3,16.2320379050334
"('ng4', 4, 3)",ng4,4,3,0.0
"('wind1', 4, 3)",wind1,4,3,6.09881022248436
"('solar1', 4, 4)",solar1,4,4,0.0
"('ng3', 4, 4)",ng3,4,4,400.0
"('ng0', 4, 4)",ng0,4,4,200.0
"('wind0', 4, 4)",wind0,4,4,28.8882034448645
"('solar0', 4, 4)",solar0,4,4,0.0
"('solar2', 4, 4)",solar2,4,4,0.0
"('ng2', 4, 4)",ng2,4,4,0.0
"('wind2', 4, 4)",wind2,4,4,32.246667866644
"('ng1', 4, 4)",ng1,4,4,41.1762265274652
"('ng4', 4, 4)",ng4,4,4,0.0
"('wind1', 4, 4)",wind1,4,4,4.65982272968707
"('solar1', 4, 5)",solar1,4,5,0.0
"('ng3', 4, 5)",ng3,4,5,400.0
"('ng0', 4, 5)",ng0,4,5,200.0
"('wind0', 4, 5)",wind0,4,5,32.9304642161692
"('solar0', 4, 5)",solar0,4,5,0.0
"('solar2', 4, 5)",solar2,4,5,0.0
"('ng2', 4, 5)",ng2,4,5,0.0
"('wind2', 4, 5)",wind2,4,5,32.440148544896
"('ng1', 4, 5)",ng1,4,5,50.5004224193545
"('ng4', 4, 5)",ng4,4,5,0.0
"('wind1', 4, 5)",wind1,4,5,5.28426253101121
"('solar1', 4, 6)",solar1,4,6,0.0
"('ng3', 4, 6)",ng3,4,6,400.0
"('ng0', 4, 6)",ng0,4,6,200.0
"('wind0', 4, 6)",wind0,4,6,34.8510111376948
"('solar0', 4, 6)",solar0,4,6,0.0
"('solar2', 4, 6)",solar2,4,6,0.0
"('ng2', 4, 6)",ng2,4,6,0.0
"('wind2', 4, 6)",wind2,4,6,33.177338924775
"('ng1', 4, 6)",ng1,4,6,35.1629653828918
"('ng4', 4, 6)",ng4,4,6,0.0
"('wind1', 4, 6)",wind1,4,6,4.66648953680972
"('solar1', 5, 1)",solar1,5,1,0.0
"('ng3', 5, 1)",ng3,5,1,400.0
"('ng0', 5, 1)",ng0,5,1,200.0
"('wind0', 5, 1)",wind0,5,1,33.5029498071184
"('solar0', 5, 1)",solar0,5,1,0.0
"('solar2', 5, 1)",solar2,5,1,0.0
"('ng2', 5, 1)",ng2,5,1,0.0
"('wind2', 5, 1)",wind2,5,1,35.2242938769406
"('ng1', 5, 1)",ng1,5,1,50.8931266201174
"('ng4', 5, 1)",ng4,5,1,0.0
"('wind1', 5, 1)",wind1,5,1,4.69943824902206
"('solar1', 5, 2)",solar1,5,2,0.0
"('ng3', 5, 2)",ng3,5,2,400.0
"('ng0', 5, 2)",ng0,5,2,200.0
"('wind0', 5, 2)",wind0,5,2,35.3806482264638
"('solar0', 5, 2)",solar0,5,2,0.0
"('solar2', 5, 2)",solar2,5,2,0.0
"('ng2', 5, 2)",ng2,5,2,0.0
"('wind2', 5, 2)",wind2,5,2,36.3516083059705
"('ng1', 5, 2)",ng1,5,2,54.2350480375128
"('ng4', 5, 2)",ng4,5,2,0.0
"('wind1', 5, 2)",wind1,5,2,5.5064520474882
"('solar1', 5, 3)",solar1,5,3,0.0
"('ng3', 5, 3)",ng3,5,3,400.0
"('ng0', 5, 3)",ng0,5,3,200.0
"('wind0', 5, 3)",wind0,5,3,37.4167512482464
"('solar0', 5, 3)",solar0,5,3,0.0
"('solar2', 5, 3)",solar2,5,3,0.0
"('ng2', 5, 3)",ng2,5,3,0.0
"('wind2', 5, 3)",wind2,5,3,36.4940398564365
"('ng1', 5, 3)",ng1,5,3,43.316519403073
"('ng4', 5, 3)",ng4,5,3,0.0
"('wind1', 5, 3)",wind1,5,3,5.31087596608458
"('solar1', 5, 4)",solar1,5,4,0.0
"('ng3', 5, 4)",ng3,5,4,400.0
"('ng0', 5, 4)",ng0,5,4,200.0
"('wind0', 5, 4)",wind0,5,4,40.1244126834648
"('solar0', 5, 4)",solar0,5,4,0.0
"('solar2', 5, 4)",solar2,5,4,0.0
"('ng2', 5, 4)",ng2,5,4,0.0
"('wind2', 5, 4)",wind2,5,4,31.7417603853713
"('ng1', 5, 4)",ng1,5,4,57.9311436403143
"('ng4', 5, 4)",ng4,5,4,0.0
"('wind1', 5, 4)",wind1,5,4,4.5635840871668
"('solar1', 5, 5)",solar1,5,5,0.0
"('ng3', 5, 5)",ng3,5,5,400.0
"('ng0', 5, 5)",ng0,5,5,200.0
"('wind0', 5, 5)",wind0,5,5,39.7756563976253
"('solar0', 5, 5)",solar0,5,5,0.0
"('solar2', 5, 5)",solar2,5,5,0.0
"('ng2', 5, 5)",ng2,5,5,0.0
"('wind2', 5, 5)",wind2,5,5,27.9764708303386
"('ng1', 5, 5)",ng1,5,5,47.8341593216614
"('ng4', 5, 5)",ng4,5,5,0.0
"('wind1', 5, 5)",wind1,5,5,3.61807922541071
"('solar1', 5, 6)",solar1,5,6,0.0
"('ng3', 5, 6)",ng3,5,6,400.0
"('ng0', 5, 6)",ng0,5,6,200.0
"('wind0', 5, 6)",wind0,5,6,45.5548879953124
"('solar0', 5, 6)",solar0,5,6,0.0
"('solar2', 5, 6)",solar2,5,6,0.0
"('ng2', 5, 6)",ng2,5,6,0.0
"('wind2', 5, 6)",wind2,5,6,26.8730923187106
"('ng1', 5, 6)",ng1,5,6,16.289745570072
"('ng4', 5, 6)",ng4,5,6,0.0
"('wind1', 5, 6)",wind1,5,6,3.84738812351025
"('solar1', 6, 1)",solar1,6,1,0.0
"('ng3', 6, 1)",ng3,6,1,400.0
"('ng0', 6, 1)",ng0,6,1,200.0
"('wind0', 6, 1)",wind0,6,1,47.0982927110474
"('solar0', 6, 1)",solar0,6,1,0.0
"('solar2', 6, 1)",solar2,6,1,0.0
"('ng2', 6, 1)",ng2,6,1,0.0
"('wind2', 6, 1)",wind2,6,1,28.7431058760393
"('ng1', 6, 1)",ng1,6,1,89.4422675079769
"('ng4', 6, 1)",ng4,6,1,0.0
"('wind1', 6, 1)",wind1,6,1,4.34908803867584
"('solar1', 6, 2)",solar1,6,2,0.0
"('ng3', 6, 2)",ng3,6,2,400.0
"('ng0', 6, 2)",ng0,6,2,200.0
"('wind0', 6, 2)",wind0,6,2,49.1891387317558
"('solar0', 6, 2)",solar0,6,2,0.0
"('solar2', 6, 2)",solar2,6,2,0.0
"('ng2', 6, 2)",ng2,6,2,0.0
"('wind2', 6, 2)",wind2,6,2,28.4259932502109
"('ng1', 6, 2)",ng1,6,2,103.337522967645
"('ng4', 6, 2)",ng4,6,2,0.0
"('wind1', 6, 2)",wind1,6,2,5.17688222765932
"('solar1', 6, 3)",solar1,6,3,0.0
"('ng3', 6, 3)",ng3,6,3,400.0
"('ng0', 6, 3)",ng0,6,3,200.0
"('wind0', 6, 3)",wind0,6,3,48.7912608614603
"('solar0', 6, 3)",solar0,6,3,0.0
"('solar2', 6, 3)",solar2,6,3,0.0
"('ng2', 6, 3)",ng2,6,3,0.0
"('wind2', 6, 3)",wind2,6,3,28.1349622677402
"('ng1', 6, 3)",ng1,6,3,136.11087976224
"('ng4', 6, 3)",ng4,6,3,0.0
"('wind1', 6, 3)",wind1,6,3,3.53760195183036
"('solar1', 6, 4)",solar1,6,4,0.0
"('ng3', 6, 4)",ng3,6,4,400.0
"('ng0', 6, 4)",ng0,6,4,200.0
"('wind0', 6, 4)",wind0,6,4,49.1643395565637
"('solar0', 6, 4)",solar0,6,4,0.0
"('solar2', 6, 4)",solar2,6,4,0.0
"('ng2', 6, 4)",ng2,6,4,0.0
"('wind2', 6, 4)",wind2,6,4,31.5870981259645
"('ng1', 6, 4)",ng1,6,4,111.445735211828
"('ng4', 6, 4)",ng4,6,4,0.0
"('wind1', 6, 4)",wind1,6,4,3.62266459108396
"('solar1', 6, 5)",solar1,6,5,0.0
"('ng3', 6, 5)",ng3,6,5,400.0
"('ng0', 6, 5)",ng0,6,5,200.0
"('wind0', 6, 5)",wind0,6,5,49.9959724581037
"('solar0', 6, 5)",solar0,6,5,0.0
"('solar2', 6, 5)",solar2,6,5,0.0
"('ng2', 6, 5)",ng2,6,5,0.0
"('wind2', 6, 5)",wind2,6,5,33.4645539653596
"('ng1', 6, 5)",ng1,6,5,85.6089471322138
"('ng4', 6, 5)",ng4,6,5,0.0
"('wind1', 6, 5)",wind1,6,5,3.61970784968113
"('solar1', 6, 6)",solar1,6,6,0.0
"('ng3', 6, 6)",ng3,6,6,400.0
"('ng0', 6, 6)",ng0,6,6,200.0
"('wind0', 6, 6)",wind0,6,6,45.6723633413718
"('solar0', 6, 6)",solar0,6,6,0.0
"('solar2', 6, 6)",solar2,6,6,0.0
"('ng2', 6, 6)",ng2,6,6,0.0
"('wind2', 6, 6)",wind2,6,6,31.9031487182732
"('ng1', 6, 6)",ng1,6,6,119.20331605936
"('ng4', 6, 6)",ng4,6,6,0.0
"('wind1', 6, 6)",wind1,6,6,2.5865932781915
"('solar1', 7, 1)",solar1,7,1,0.0
"('ng3', 7, 1)",ng3,7,1,400.0
"('ng0', 7, 1)",ng0,7,1,200.0
"('wind0', 7, 1)",wind0,7,1,49.6742038132055
"('solar0', 7, 1)",solar0,7,1,0.0
"('solar2', 7, 1)",solar2,7,1,0.0
"('ng2', 7, 1)",ng2,7,1,0.0
"('wind2', 7, 1)",wind2,7,1,29.7901580296298
"('ng1', 7, 1)",ng1,7,1,143.259237788457
"('ng4', 7, 1)",ng4,7,1,0.0
"('wind1', 7, 1)",wind1,7,1,2.57985539379356
"('solar1', 7, 2)",solar1,7,2,0.0
"('ng3', 7, 2)",ng3,7,2,400.0
"('ng0', 7, 2)",ng0,7,2,200.0
"('wind0', 7, 2)",wind0,7,2,43.8587524598064
"('solar0', 7, 2)",solar0,7,2,0.0
"('solar2', 7, 2)",solar2,7,2,0.0
"('ng2', 7, 2)",ng2,7,2,9.98431127717926
"('wind2', 7, 2)",wind2,7,2,30.1066774913344
"('ng1', 7, 2)",ng1,7,2,150.0
"('ng4', 7, 2)",ng4,7,2,0.0
"('wind1', 7, 2)",wind1,7,2,3.69531953334559
"('solar1', 7, 3)",solar1,7,3,0.0
"('ng3', 7, 3)",ng3,7,3,400.0
"('ng0', 7, 3)",ng0,7,3,200.0
"('wind0', 7, 3)",wind0,7,3,48.5355768295241
"('solar0', 7, 3)",solar0,7,3,0.0
"('solar2', 7, 3)",solar2,7,3,0.0
"('ng2', 7, 3)",ng2,7,3,2.25586178583582
"('wind2', 7, 3)",wind2,7,3,28.5035508402597
"('ng1', 7, 3)",ng1,7,3,150.0
"('ng4', 7, 3)",ng4,7,3,0.0
"('wind1', 7, 3)",wind1,7,3,5.15828383685287
"('solar1', 7, 4)",solar1,7,4,0.0
"('ng3', 7, 4)",ng3,7,4,400.0
"('ng0', 7, 4)",ng0,7,4,200.0
"('wind0', 7, 4)",wind0,7,4,59.5370876096612
"('solar0', 7, 4)",solar0,7,4,0.0
"('solar2', 7, 4)",solar2,7,4,0.0
"('ng2', 7, 4)",ng2,7,4,0.0
"('wind2', 7, 4)",wind2,7,4,26.4070843465724
"('ng1', 7, 4)",ng1,7,4,131.676833950956
"('ng4', 7, 4)",ng4,7,4,0.0
"('wind1', 7, 4)",wind1,7,4,5.04501761859947
"('solar1', 7, 5)",solar1,7,5,0.0
"('ng3', 7, 5)",ng3,7,5,400.0
"('ng0', 7, 5)",ng0,7,5,200.0
"('wind0', 7, 5)",wind0,7,5,54.7868382492264
"('solar0', 7, 5)",solar0,7,5,0.0
"('solar2', 7, 5)",solar2,7,5,0.0
"('ng2', 7, 5)",ng2,7,5,0.0
"('wind2', 7, 5)",wind2,7,5,24.287038358493
"('ng1', 7, 5)",ng1,7,5,137.481481897064
"('ng4', 7, 5)",ng4,7,5,0.0
"('wind1', 7, 5)",wind1,7,5,3.6557002593288
"('solar1', 7, 6)",solar1,7,6,0.0
"('ng3', 7, 6)",ng3,7,6,400.0
"('ng0', 7, 6)",ng0,7,6,200.0
"('wind0', 7, 6)",wind0,7,6,48.6844008041854
"('solar0', 7, 6)",solar0,7,6,0.0
"('solar2', 7, 6)",solar2,7,6,0.0
"('ng2', 7, 6)",ng2,7,6,41.2385122326828
"('wind2', 7, 6)",wind2,7,6,21.3901046340549
"('ng1', 7, 6)",ng1,7,6,150.0
"('ng4', 7, 6)",ng4,7,6,0.0
"('wind1', 7, 6)",wind1,7,6,4.48983340751992
"('solar1', 8, 1)",solar1,8,1,0.0
"('ng3', 8, 1)",ng3,8,1,400.0
"('ng0', 8, 1)",ng0,8,1,200.0
"('wind0', 8, 1)",wind0,8,1,50.0486282706531
"('solar0', 8, 1)",solar0,8,1,0.0
"('solar2', 8, 1)",solar2,8,1,0.0
"('ng2', 8, 1)",ng2,8,1,28.3846716079974
"('wind2', 8, 1)",wind2,8,1,19.4631424972498
"('ng1', 8, 1)",ng1,8,1,150.0
"('ng4', 8, 1)",ng4,8,1,0.0
"('wind1', 8, 1)",wind1,8,1,4.22150265743651
"('solar1', 8, 2)",solar1,8,2,0.0
"('ng3', 8, 2)",ng3,8,2,400.0
"('ng0', 8, 2)",ng0,8,2,200.0
"('wind0', 8, 2)",wind0,8,2,48.7605849259252
"('solar0', 8, 2)",solar0,8,2,0.0
"('solar2', 8, 2)",solar2,8,2,0.0
"('ng2', 8, 2)",ng2,8,2,11.7909195037974
"('wind2', 8, 2)",wind2,8,2,18.8812005842396
"('ng1', 8, 2)",ng1,8,2,150.0
"('ng4', 8, 2)",ng4,8,2,0.0
"('wind1', 8, 2)",wind1,8,2,3.60027477657344
"('solar1', 8, 3)",solar1,8,3,0.0
"('ng3', 8, 3)",ng3,8,3,400.0
"('ng0', 8, 3)",ng0,8,3,200.0
"('wind0', 8, 3)",wind0,8,3,36.0120161819605
"('solar0', 8, 3)",solar0,8,3,0.0
"('solar2', 8, 3)",solar2,8,3,0.0
"('ng2', 8, 3)",ng2,8,3,40.9207058092395
"('wind2', 8, 3)",wind2,8,3,16.7912553425636
"('ng1', 8, 3)",ng1,8,3,150.0
"('ng4', 8, 3)",ng4,8,3,0.0
"('wind1', 8, 3)",wind1,8,3,2.19974040089772
"('solar1', 8, 4)",solar1,8,4,0.0
"('ng3', 8, 4)",ng3,8,4,400.0
"('ng0', 8, 4)",ng0,8,4,200.0
"('wind0', 8, 4)",wind0,8,4,31.1526513006811
"('solar0', 8, 4)",solar0,8,4,0.0
"('solar2', 8, 4)",solar2,8,4,0.0
"('ng2', 8, 4)",ng2,8,4,6.39961561235715
"('wind2', 8, 4)",wind2,8,4,15.845330882385
"('ng1', 8, 4)",ng1,8,4,150.0
"('ng4', 8, 4)",ng4,8,4,0.0
"('wind1', 8, 4)",wind1,8,4,1.76001357802442
"('solar1', 8, 5)",solar1,8,5,0.0
"('ng3', 8, 5)",ng3,8,5,400.0
"('ng0', 8, 5)",ng0,8,5,200.0
"('wind0', 8, 5)",wind0,8,5,27.4538395344885
"('solar0', 8, 5)",solar0,8,5,0.0
"('solar2', 8, 5)",solar2,8,5,0.0
"('ng2', 8, 5)",ng2,8,5,36.7606001588054
"('wind2', 8, 5)",wind2,8,5,14.0400393130522
"('ng1', 8, 5)",ng1,8,5,150.0
"('ng4', 8, 5)",ng4,8,5,0.0
"('wind1', 8, 5)",wind1,8,5,2.32159059887043
"('solar1', 8, 6)",solar1,8,6,0.0
"('ng3', 8, 6)",ng3,8,6,400.0
"('ng0', 8, 6)",ng0,8,6,200.0
"('wind0', 8, 6)",wind0,8,6,15.973720135867
"('solar0', 8, 6)",solar0,8,6,0.0
"('solar2', 8, 6)",solar2,8,6,0.0
"('ng2', 8, 6)",ng2,8,6,20.1596483130379
"('wind2', 8, 6)",wind2,8,6,10.0659222548909
"('ng1', 8, 6)",ng1,8,6,150.0
"('ng4', 8, 6)",ng4,8,6,0.0
"('wind1', 8, 6)",wind1,8,6,1.94496416385817
"('solar1', 9, 1)",solar1,9,1,2.50813304669163
"('ng3', 9, 1)",ng3,9,1,400.0
"('ng0', 9, 1)",ng0,9,1,200.0
"('wind0', 9, 1)",wind0,9,1,9.03205450960549
"('solar0', 9, 1)",solar0,9,1,2.19350504885444
"('solar2', 9, 1)",solar2,9,1,4.21495842207166
"('ng2', 9, 1)",ng2,9,1,63.9381603265362
"('wind2', 9, 1)",wind2,9,1,7.999947034863
"('ng1', 9, 1)",ng1,9,1,150.0
"('ng4', 9, 1)",ng4,9,1,0.0
"('wind1', 9, 1)",wind1,9,1,2.04886631474294
"('solar1', 9, 2)",solar1,9,2,2.54114839681885
"('ng3', 9, 2)",ng3,9,2,400.0
"('ng0', 9, 2)",ng0,9,2,200.0
"('wind0', 9, 2)",wind0,9,2,5.35913269019979
"('solar0', 9, 2)",solar0,9,2,0.908772775688396
"('solar2', 9, 2)",solar2,9,2,2.22835682215066
"('ng2', 9, 2)",ng2,9,2,112.69797608289
"('wind2', 9, 2)",wind2,9,2,6.51777669631113
"('ng1', 9, 2)",ng1,9,2,150.0
"('ng4', 9, 2)",ng4,9,2,0.0
"('wind1', 9, 2)",wind1,9,2,1.86612833387999
"('solar1', 9, 3)",solar1,9,3,2.55880036362084
"('ng3', 9, 3)",ng3,9,3,400.0
"('ng0', 9, 3)",ng0,9,3,200.0
"('wind0', 9, 3)",wind0,9,3,5.25833165323755
"('solar0', 9, 3)",solar0,9,3,2.05929835752419
"('solar2', 9, 3)",solar2,9,3,2.0341847736881
"('ng2', 9, 3)",ng2,9,3,99.4839479098482
"('wind2', 9, 3)",wind2,9,3,4.81677379728253
"('ng1', 9, 3)",ng1,9,3,150.0
"('ng4', 9, 3)",ng4,9,3,0.0
"('wind1', 9, 3)",wind1,9,3,2.31050203420127
"('solar1', 9, 4)",solar1,9,4,2.36613105793543
"('ng3', 9, 4)",ng3,9,4,400.0
"('ng0', 9, 4)",ng0,9,4,200.0
"('wind0', 9, 4)",wind0,9,4,7.02949847877426
"('solar0', 9, 4)",solar0,9,4,0.505177352030446
"('solar2', 9, 4)",solar2,9,4,3.1858010475826
"('ng2', 9, 4)",ng2,9,4,60.9992841885905
"('wind2', 9, 4)",wind2,9,4,5.89568407562835
"('ng1', 9, 4)",ng1,9,4,150.0
"('ng4', 9, 4)",ng4,9,4,0.0
"('wind1', 9, 4)",wind1,9,4,4.01179355307873
"('solar1', 9, 5)",solar1,9,5,1.35372856530192
"('ng3', 9, 5)",ng3,9,5,400.0
"('ng0', 9, 5)",ng0,9,5,200.0
"('wind0', 9, 5)",wind0,9,5,10.1959745151294
"('solar0', 9, 5)",solar0,9,5,1.12620007810295
"('solar2', 9, 5)",solar2,9,5,3.56084484329954
"('ng2', 9, 5)",ng2,9,5,84.0256639391557
"('wind2', 9, 5)",wind2,9,5,7.17809593195571
"('ng1', 9, 5)",ng1,9,5,150.0
"('ng4', 9, 5)",ng4,9,5,0.0
"('wind1', 9, 5)",wind1,9,5,4.62246699447545
"('solar1', 9, 6)",solar1,9,6,2.25700213191068
"('ng3', 9, 6)",ng3,9,6,400.0
"('ng0', 9, 6)",ng0,9,6,200.0
"('wind0', 9, 6)",wind0,9,6,12.6672165000411
"('solar0', 9, 6)",solar0,9,6,1.75514165310183
"('solar2', 9, 6)",solar2,9,6,1.21702093075036
"('ng2', 9, 6)",ng2,9,6,90.8466935769268
"('wind2', 9, 6)",wind2,9,6,8.73137409913466
"('ng1', 9, 6)",ng1,9,6,150.0
"('ng4', 9, 6)",ng4,9,6,0.0
"('wind1', 9, 6)",wind1,9,6,5.05877710642754
"('solar1', 10, 1)",solar1,10,1,10.6226513961969
"('ng3', 10, 1)",ng3,10,1,400.0
"('ng0', 10, 1)",ng0,10,1,200.0
"('wind0', 10, 1)",wind0,10,1,13.9767801911664
"('solar0', 10, 1)",solar0,10,1,4.54587234402711
"('solar2', 10, 1)",solar2,10,1,11.1052202995077
"('ng2', 10, 1)",ng2,10,1,103.019948264012
"('wind2', 10, 1)",wind2,10,1,10.0410905424913
"('ng1', 10, 1)",ng1,10,1,150.0
"('ng4', 10, 1)",ng4,10,1,0.0
"('wind1', 10, 1)",wind1,10,1,6.48690607457348
"('solar1', 10, 2)",solar1,10,2,11.6784464689806
"('ng3', 10, 2)",ng3,10,2,400.0
"('ng0', 10, 2)",ng0,10,2,200.0
"('wind0', 10, 2)",wind0,10,2,16.4243717393202
"('solar0', 10, 2)",solar0,10,2,5.99846823518264
"('solar2', 10, 2)",solar2,10,2,5.46558666314647
"('ng2', 10, 2)",ng2,10,2,42.2285685542393
"('wind2', 10, 2)",wind2,10,2,9.2912536696043
"('ng1', 10, 2)",ng1,10,2,150.0
"('ng4', 10, 2)",ng4,10,2,0.0
"('wind1', 10, 2)",wind1,10,2,8.27128372449028
"('solar1', 10, 3)",solar1,10,3,12.5965923814285
"('ng3', 10, 3)",ng3,10,3,400.0
"('ng0', 10, 3)",ng0,10,3,200.0
"('wind0', 10, 3)",wind0,10,3,17.6458040417042
"('solar0', 10, 3)",solar0,10,3,4.55213223934163
"('solar2', 10, 3)",solar2,10,3,11.8970112121407
"('ng2', 10, 3)",ng2,10,3,87.2814389581836
"('wind2', 10, 3)",wind2,10,3,10.0447351862078
"('ng1', 10, 3)",ng1,10,3,150.0
"('ng4', 10, 3)",ng4,10,3,0.0
"('wind1', 10, 3)",wind1,10,3,8.7773286182293
"('solar1', 10, 4)",solar1,10,4,5.75895978631087
"('ng3', 10, 4)",ng3,10,4,400.0
"('ng0', 10, 4)",ng0,10,4,200.0
"('wind0', 10, 4)",wind0,10,4,27.4844574541279
"('solar0', 10, 4)",solar0,10,4,3.60850190554375
"('solar2', 10, 4)",solar2,10,4,9.13291215134136
"('ng2', 10, 4)",ng2,10,4,56.0444957684379
"('wind2', 10, 4)",wind2,10,4,10.8681829036044
"('ng1', 10, 4)",ng1,10,4,150.0
"('ng4', 10, 4)",ng4,10,4,0.0
"('wind1', 10, 4)",wind1,10,4,10.0822668076768
"('solar1', 10, 5)",solar1,10,5,11.6063340700531
"('ng3', 10, 5)",ng3,10,5,400.0
"('ng0', 10, 5)",ng0,10,5,200.0
"('wind0', 10, 5)",wind0,10,5,31.4863734323599
"('solar0', 10, 5)",solar0,10,5,5.18393572425667
"('solar2', 10, 5)",solar2,10,5,8.09953525988251
"('ng2', 10, 5)",ng2,10,5,76.1584361035637
"('wind2', 10, 5)",wind2,10,5,14.5625573902751
"('ng1', 10, 5)",ng1,10,5,150.0
"('ng4', 10, 5)",ng4,10,5,0.0
"('wind1', 10, 5)",wind1,10,5,10.2668466738505
"('solar1', 10, 6)",solar1,10,6,11.7965098023538
"('ng3', 10, 6)",ng3,10,6,400.0
"('ng0', 10, 6)",ng0,10,6,200.0
"('wind0', 10, 6)",wind0,10,6,34.0027612640248
"('solar0', 10, 6)",solar0,10,6,8.49592022790221
"('solar2', 10, 6)",solar2,10,6,12.1813598869118
"('ng2', 10, 6)",ng2,10,6,54.7281882434461
"('wind2', 10, 6)",wind2,10,6,14.2482959331608
"('ng1', 10, 6)",ng1,10,6,150.0
"('ng4', 10, 6)",ng4,10,6,0.0
"('wind1', 10, 6)",wind1,10,6,11.4122224090961
"('solar1', 11, 1)",solar1,11,1,9.47530861845582
"('ng3', 11, 1)",ng3,11,1,400.0
"('ng0', 11, 1)",ng0,11,1,200.0
"('wind0', 11, 1)",wind0,11,1,33.5841516691301
"('solar0', 11, 1)",solar0,11,1,15.4897948131859
"('solar2', 11, 1)",solar2,11,1,13.8656524337038
"('ng2', 11, 1)",ng2,11,1,16.9227333202263
"('wind2', 11, 1)",wind2,11,1,14.6311442750582
"('ng1', 11, 1)",ng1,11,1,150.0
"('ng4', 11, 1)",ng4,11,1,0.0
"('wind1', 11, 1)",wind1,11,1,12.0811011247914
"('solar1', 11, 2)",solar1,11,2,9.85099410116059
"('ng3', 11, 2)",ng3,11,2,400.0
"('ng0', 11, 2)",ng0,11,2,200.0
"('wind0', 11, 2)",wind0,11,2,32.0048045781006
"('solar0', 11, 2)",solar0,11,2,12.6207882451181
"('solar2', 11, 2)",solar2,11,2,12.6420774226263
"('ng2', 11, 2)",ng2,11,2,63.8663683315467
"('wind2', 11, 2)",wind2,11,2,15.3495048799484
"('ng1', 11, 2)",ng1,11,2,150.0
"('ng4', 11, 2)",ng4,11,2,0.0
"('wind1', 11, 2)",wind1,11,2,12.3821468973662
"('solar1', 11, 3)",solar1,11,3,11.551148577417
"('ng3', 11, 3)",ng3,11,3,400.0
"('ng0', 11, 3)",ng0,11,3,200.0
"('wind0', 11, 3)",wind0,11,3,29.213199939104
"('solar0', 11, 3)",solar0,11,3,6.01321009091573
"('solar2', 11, 3)",solar2,11,3,10.9166350653655
"('ng2', 11, 3)",ng2,11,3,24.5340467030358
"('wind2', 11, 3)",wind2,11,3,17.1944105504753
"('ng1', 11, 3)",ng1,11,3,150.0
"('ng4', 11, 3)",ng4,11,3,0.0
"('wind1', 11, 3)",wind1,11,3,12.2457451361048
"('solar1', 11, 4)",solar1,11,4,11.3098518722956
"('ng3', 11, 4)",ng3,11,4,400.0
"('ng0', 11, 4)",ng0,11,4,200.0
"('wind0', 11, 4)",wind0,11,4,24.3180367463555
"('solar0', 11, 4)",solar0,11,4,10.1142315524051
"('solar2', 11, 4)",solar2,11,4,6.03322761026716
"('ng2', 11, 4)",ng2,11,4,76.8037485299399
"('wind2', 11, 4)",wind2,11,4,17.4639749646151
"('ng1', 11, 4)",ng1,11,4,150.0
"('ng4', 11, 4)",ng4,11,4,0.0
"('wind1', 11, 4)",wind1,11,4,12.9465149544099
"('solar1', 11, 5)",solar1,11,5,23.0150339901926
"('ng3', 11, 5)",ng3,11,5,400.0
"('ng0', 11, 5)",ng0,11,5,200.0
"('wind0', 11, 5)",wind0,11,5,24.1715525593973
"('solar0', 11, 5)",solar0,11,5,4.39875086573646
"('solar2', 11, 5)",solar2,11,5,10.9238879673232
"('ng2', 11, 5)",ng2,11,5,34.4432300710621
"('wind2', 11, 5)",wind2,11,5,18.1221633183693
"('ng1', 11, 5)",ng1,11,5,150.0
"('ng4', 11, 5)",ng4,11,5,0.0
"('wind1', 11, 5)",wind1,11,5,11.9569143645222
"('solar1', 11, 6)",solar1,11,6,18.0188531044346
"('ng3', 11, 6)",ng3,11,6,400.0
"('ng0', 11, 6)",ng0,11,6,200.0
"('wind0', 11, 6)",wind0,11,6,21.5797081185726
"('solar0', 11, 6)",solar0,11,6,9.51307953234585
"('solar2', 11, 6)",solar2,11,6,10.6569761924063
"('ng2', 11, 6)",ng2,11,6,46.584928761599
"('wind2', 11, 6)",wind2,11,6,20.1437377623938
"('ng1', 11, 6)",ng1,11,6,150.0
"('ng4', 11, 6)",ng4,11,6,0.0
"('wind1', 11, 6)",wind1,11,6,14.5545024576205
"('solar1', 12, 1)",solar1,12,1,18.5191298833042
"('ng3', 12, 1)",ng3,12,1,400.0
"('ng0', 12, 1)",ng0,12,1,200.0
"('wind0', 12, 1)",wind0,12,1,24.704512711244
"('solar0', 12, 1)",solar0,12,1,14.4898670823345
"('solar2', 12, 1)",solar2,12,1,23.4196938810325
"('ng2', 12, 1)",ng2,12,1,39.7479432502933
"('wind2', 12, 1)",wind2,12,1,19.4275461678669
"('ng1', 12, 1)",ng1,12,1,150.0
"('ng4', 12, 1)",ng4,12,1,0.0
"('wind1', 12, 1)",wind1,12,1,11.645412892791
"('solar1', 12, 2)",solar1,12,2,14.3960356734583
"('ng3', 12, 2)",ng3,12,2,400.0
"('ng0', 12, 2)",ng0,12,2,200.0
"('wind0', 12, 2)",wind0,12,2,29.4324667372496
"('solar0', 12, 2)",solar0,12,2,16.1408222590449
"('solar2', 12, 2)",solar2,12,2,20.8064428695408
"('ng2', 12, 2)",ng2,12,2,82.900542273859
"('wind2', 12, 2)",wind2,12,2,21.2834940200953
"('ng1', 12, 2)",ng1,12,2,150.0
"('ng4', 12, 2)",ng4,12,2,0.0
"('wind1', 12, 2)",wind1,12,2,14.108856345561
"('solar1', 12, 3)",solar1,12,3,25.0715779168729
"('ng3', 12, 3)",ng3,12,3,400.0
"('ng0', 12, 3)",ng0,12,3,200.0
"('wind0', 12, 3)",wind0,12,3,27.1700464212276
"('solar0', 12, 3)",solar0,12,3,16.7440370087571
"('solar2', 12, 3)",solar2,12,3,10.4382570355726
"('ng2', 12, 3)",ng2,12,3,19.9149018972383
"('wind2', 12, 3)",wind2,12,3,22.9021523326962
"('ng1', 12, 3)",ng1,12,3,150.0
"('ng4', 12, 3)",ng4,12,3,0.0
"('wind1', 12, 3)",wind1,12,3,17.2205719713653
"('solar1', 12, 4)",solar1,12,4,12.9676909154822
"('ng3', 12, 4)",ng3,12,4,400.0
"('ng0', 12, 4)",ng0,12,4,200.0
"('wind0', 12, 4)",wind0,12,4,26.199985487665
"('solar0', 12, 4)",solar0,12,4,8.93782823264509
"('solar2', 12, 4)",solar2,12,4,14.6142603605948
"('ng2', 12, 4)",ng2,12,4,42.4793215256282
"('wind2', 12, 4)",wind2,12,4,21.8435917908479
"('ng1', 12, 4)",ng1,12,4,150.0
"('ng4', 12, 4)",ng4,12,4,0.0
"('wind1', 12, 4)",wind1,12,4,15.9893591643903
"('solar1', 12, 5)",solar1,12,5,17.0282139539106
"('ng3', 12, 5)",ng3,12,5,400.0
"('ng0', 12, 5)",ng0,12,5,200.0
"('wind0', 12, 5)",wind0,12,5,26.30274041366
"('solar0', 12, 5)",solar0,12,5,11.6250529123698
"('solar2', 12, 5)",solar2,12,5,20.3596834842058
"('ng2', 12, 5)",ng2,12,5,0.0
"('wind2', 12, 5)",wind2,12,5,25.0360436036962
"('ng1', 12, 5)",ng1,12,5,147.456857362336
"('ng4', 12, 5)",ng4,12,5,0.0
"('wind1', 12, 5)",wind1,12,5,16.6560156187333
"('solar1', 12, 6)",solar1,12,6,18.8974960837169
"('ng3', 12, 6)",ng3,12,6,400.0
"('ng0', 12, 6)",ng0,12,6,200.0
"('wind0', 12, 6)",wind0,12,6,21.2318966689954
"('solar0', 12, 6)",solar0,12,6,10.4445195371644
"('solar2', 12, 6)",solar2,12,6,13.4996579773142
"('ng2', 12, 6)",ng2,12,6,35.3538982352567
"('wind2', 12, 6)",wind2,12,6,24.3653245399455
"('ng1', 12, 6)",ng1,12,6,150.0
"('ng4', 12, 6)",ng4,12,6,0.0
"('wind1', 12, 6)",wind1,12,6,15.96665779031
"('solar1', 13, 1)",solar1,13,1,13.6689118315252
"('ng3', 13, 1)",ng3,13,1,400.0
"('ng0', 13, 1)",ng0,13,1,200.0
"('wind0', 13, 1)",wind0,13,1,23.3224438704698
"('solar0', 13, 1)",solar0,13,1,16.8112548864517
"('solar2', 13, 1)",solar2,13,1,15.8250730479691
"('ng2', 13, 1)",ng2,13,1,50.1892917811667
"('wind2', 13, 1)",wind2,13,1,24.8515309319373
"('ng1', 13, 1)",ng1,13,1,150.0
"('ng4', 13, 1)",ng4,13,1,0.0
"('wind1', 13, 1)",wind1,13,1,13.5534863636929
"('solar1', 13, 2)",solar1,13,2,22.4343322564874
"('ng3', 13, 2)",ng3,13,2,400.0
"('ng0', 13, 2)",ng0,13,2,200.0
"('wind0', 13, 2)",wind0,13,2,20.3530623931824
"('solar0', 13, 2)",solar0,13,2,9.03516758796617
"('solar2', 13, 2)",solar2,13,2,12.5704732937848
"('ng2', 13, 2)",ng2,13,2,71.7229856525461
"('wind2', 13, 2)",wind2,13,2,28.9374156336828
"('ng1', 13, 2)",ng1,13,2,150.0
"('ng4', 13, 2)",ng4,13,2,0.0
"('wind1', 13, 2)",wind1,13,2,14.7505945543165
"('solar1', 13, 3)",solar1,13,3,21.6142997973028
"('ng3', 13, 3)",ng3,13,3,400.0
"('ng0', 13, 3)",ng0,13,3,200.0
"('wind0', 13, 3)",wind0,13,3,16.2642731863574
"('solar0', 13, 3)",solar0,13,3,12.5218807151141
"('solar2', 13, 3)",solar2,13,3,17.7885301915379
"('ng2', 13, 3)",ng2,13,3,40.4532356955588
"('wind2', 13, 3)",wind2,13,3,24.0039483099789
"('ng1', 13, 3)",ng1,13,3,150.0
"('ng4', 13, 3)",ng4,13,3,0.0
"('wind1', 13, 3)",wind1,13,3,12.0252348984599
"('solar1', 13, 4)",solar1,13,4,13.5209866935594
"('ng3', 13, 4)",ng3,13,4,400.0
"('ng0', 13, 4)",ng0,13,4,200.0
"('wind0', 13, 4)",wind0,13,4,15.8902247697875
"('solar0', 13, 4)",solar0,13,4,10.333939655259
"('solar2', 13, 4)",solar2,13,4,19.1910730302222
"('ng2', 13, 4)",ng2,13,4,67.3553703095623
"('wind2', 13, 4)",wind2,13,4,25.4354906444054
"('ng1', 13, 4)",ng1,13,4,150.0
"('ng4', 13, 4)",ng4,13,4,0.0
"('wind1', 13, 4)",wind1,13,4,14.8111504784034
"('solar1', 13, 5)",solar1,13,5,18.0758549916625
"('ng3', 13, 5)",ng3,13,5,400.0
"('ng0', 13, 5)",ng0,13,5,200.0
"('wind0', 13, 5)",wind0,13,5,19.2797588879114
"('solar0', 13, 5)",solar0,13,5,10.0416988849516
"('solar2', 13, 5)",solar2,13,5,15.3979246518841
"('ng2', 13, 5)",ng2,13,5,53.8737663866152
"('wind2', 13, 5)",wind2,13,5,22.8728207540299
"('ng1', 13, 5)",ng1,13,5,150.0
"('ng4', 13, 5)",ng4,13,5,0.0
"('wind1', 13, 5)",wind1,13,5,12.3690554351755
"('solar1', 13, 6)",solar1,13,6,23.5141151937178
"('ng3', 13, 6)",ng3,13,6,400.0
"('ng0', 13, 6)",ng0,13,6,200.0
"('wind0', 13, 6)",wind0,13,6,18.4474460492378
"('solar0', 13, 6)",solar0,13,6,19.0523122194616
"('solar2', 13, 6)",solar2,13,6,35.4857745098248
"('ng2', 13, 6)",ng2,13,6,7.14316003225032
"('wind2', 13, 6)",wind2,13,6,23.5962571378493
"('ng1', 13, 6)",ng1,13,6,150.0
"('ng4', 13, 6)",ng4,13,6,0.0
"('wind1', 13, 6)",wind1,13,6,10.4132106061014
"('solar1', 14, 1)",solar1,14,1,12.3498109260986
"('ng3', 14, 1)",ng3,14,1,400.0
"('ng0', 14, 1)",ng0,14,1,200.0
"('wind0', 14, 1)",wind0,14,1,14.8909296101622
"('solar0', 14, 1)",solar0,14,1,6.00035528763555
"('solar2', 14, 1)",solar2,14,1,24.8763599152944
"('ng2', 14, 1)",ng2,14,1,43.576184689972
"('wind2', 14, 1)",wind2,14,1,27.3820794432494
"('ng1', 14, 1)",ng1,14,1,150.0
"('ng4', 14, 1)",ng4,14,1,0.0
"('wind1', 14, 1)",wind1,14,1,13.8710293266943
"('solar1', 14, 2)",solar1,14,2,12.6799397134607
"('ng3', 14, 2)",ng3,14,2,400.0
"('ng0', 14, 2)",ng0,14,2,200.0
"('wind0', 14, 2)",wind0,14,2,19.6700034916409
"('solar0', 14, 2)",solar0,14,2,6.45551743265021
"('solar2', 14, 2)",solar2,14,2,15.9010588458486
"('ng2', 14, 2)",ng2,14,2,60.1435885159746
"('wind2', 14, 2)",wind2,14,2,25.2960795677202
"('ng1', 14, 2)",ng1,14,2,150.0
"('ng4', 14, 2)",ng4,14,2,0.0
"('wind1', 14, 2)",wind1,14,2,18.3436150368958
"('solar1', 14, 3)",solar1,14,3,17.1916996629355
"('ng3', 14, 3)",ng3,14,3,400.0
"('ng0', 14, 3)",ng0,14,3,200.0
"('wind0', 14, 3)",wind0,14,3,17.1962341391113
"('solar0', 14, 3)",solar0,14,3,14.3772088288282
"('solar2', 14, 3)",solar2,14,3,20.023029600229
"('ng2', 14, 3)",ng2,14,3,42.5942002928296
"('wind2', 14, 3)",wind2,14,3,27.3152074748699
"('ng1', 14, 3)",ng1,14,3,150.0
"('ng4', 14, 3)",ng4,14,3,0.0
"('wind1', 14, 3)",wind1,14,3,19.4412912948449
"('solar1', 14, 4)",solar1,14,4,15.3360852153927
"('ng3', 14, 4)",ng3,14,4,400.0
"('ng0', 14, 4)",ng0,14,4,200.0
"('wind0', 14, 4)",wind0,14,4,15.0582299266458
"('solar0', 14, 4)",solar0,14,4,14.2400751323902
"('solar2', 14, 4)",solar2,14,4,20.0852936120449
"('ng2', 14, 4)",ng2,14,4,20.4100304467506
"('wind2', 14, 4)",wind2,14,4,28.1249541877885
"('ng1', 14, 4)",ng1,14,4,150.0
"('ng4', 14, 4)",ng4,14,4,0.0
"('wind1', 14, 4)",wind1,14,4,20.352133383655
"('solar1', 14, 5)",solar1,14,5,10.16054713207
"('ng3', 14, 5)",ng3,14,5,400.0
"('ng0', 14, 5)",ng0,14,5,200.0
"('wind0', 14, 5)",wind0,14,5,23.2351755264079
"('solar0', 14, 5)",solar0,14,5,11.6414651638017
"('solar2', 14, 5)",solar2,14,5,7.17505097410249
"('ng2', 14, 5)",ng2,14,5,21.5895204645643
"('wind2', 14, 5)",wind2,14,5,30.2628261970975
"('ng1', 14, 5)",ng1,14,5,150.0
"('ng4', 14, 5)",ng4,14,5,0.0
"('wind1', 14, 5)",wind1,14,5,15.0999831890226
"('solar1', 14, 6)",solar1,14,6,11.3702799613989
"('ng3', 14, 6)",ng3,14,6,400.0
"('ng0', 14, 6)",ng0,14,6,200.0
"('wind0', 14, 6)",wind0,14,6,22.5516865700801
"('solar0', 14, 6)",solar0,14,6,12.8706363942715
"('solar2', 14, 6)",solar2,14,6,20.3853535985015
"('ng2', 14, 6)",ng2,14,6,55.6027680818816
"('wind2', 14, 6)",wind2,14,6,25.6240647399254
"('ng1', 14, 6)",ng1,14,6,150.0
"('ng4', 14, 6)",ng4,14,6,0.0
"('wind1', 14, 6)",wind1,14,6,13.5774954486374
"('solar1', 15, 1)",solar1,15,1,12.5863360146267
"('ng3', 15, 1)",ng3,15,1,400.0
"('ng0', 15, 1)",ng0,15,1,200.0
"('wind0', 15, 1)",wind0,15,1,21.9194138244838
"('solar0', 15, 1)",solar0,15,1,11.521529491311
"('solar2', 15, 1)",solar2,15,1,15.6525401262181
"('ng2', 15, 1)",ng2,15,1,33.7529969011573
"('wind2', 15, 1)",wind2,15,1,30.770220231148
"('ng1', 15, 1)",ng1,15,1,150.0
"('ng4', 15, 1)",ng4,15,1,0.0
"('wind1', 15, 1)",wind1,15,1,15.759356754713
"('solar1', 15, 2)",solar1,15,2,18.4724393069951
"('ng3', 15, 2)",ng3,15,2,400.0
"('ng0', 15, 2)",ng0,15,2,200.0
"('wind0', 15, 2)",wind0,15,2,23.0115006728177
"('solar0', 15, 2)",solar0,15,2,26.9470492336325
"('solar2', 15, 2)",solar2,15,2,17.6898569817148
"('ng2', 15, 2)",ng2,15,2,24.6288563077095
"('wind2', 15, 2)",wind2,15,2,30.0864451974559
"('ng1', 15, 2)",ng1,15,2,150.0
"('ng4', 15, 2)",ng4,15,2,0.0
"('wind1', 15, 2)",wind1,15,2,11.8528749885939
"('solar1', 15, 3)",solar1,15,3,14.7477983434892
"('ng3', 15, 3)",ng3,15,3,400.0
"('ng0', 15, 3)",ng0,15,3,200.0
"('wind0', 15, 3)",wind0,15,3,16.541238046248
"('solar0', 15, 3)",solar0,15,3,17.6220141624947
"('solar2', 15, 3)",solar2,15,3,16.8636838743836
"('ng2', 15, 3)",ng2,15,3,12.2551754827475
"('wind2', 15, 3)",wind2,15,3,26.1736863023813
"('ng1', 15, 3)",ng1,15,3,150.0
"('ng4', 15, 3)",ng4,15,3,0.0
"('wind1', 15, 3)",wind1,15,3,10.1748276123713
"('solar1', 15, 4)",solar1,15,4,15.2685290128343
"('ng3', 15, 4)",ng3,15,4,400.0
"('ng0', 15, 4)",ng0,15,4,200.0
"('wind0', 15, 4)",wind0,15,4,40.6826942318703
"('solar0', 15, 4)",solar0,15,4,8.11548832062295
"('solar2', 15, 4)",solar2,15,4,17.1430900894047
"('ng2', 15, 4)",ng2,15,4,0.0
"('wind2', 15, 4)",wind2,15,4,23.3881862239827
"('ng1', 15, 4)",ng1,15,4,146.776160006667
"('ng4', 15, 4)",ng4,15,4,0.0
"('wind1', 15, 4)",wind1,15,4,10.7518954711264
"('solar1', 15, 5)",solar1,15,5,15.5988162114655
"('ng3', 15, 5)",ng3,15,5,400.0
"('ng0', 15, 5)",ng0,15,5,200.0
"('wind0', 15, 5)",wind0,15,5,77.652353691639
"('solar0', 15, 5)",solar0,15,5,11.5720114982709
"('solar2', 15, 5)",solar2,15,5,12.8550547743166
"('ng2', 15, 5)",ng2,15,5,0.0
"('wind2', 15, 5)",wind2,15,5,26.4206256984248
"('ng1', 15, 5)",ng1,15,5,147.702872895447
"('ng4', 15, 5)",ng4,15,5,0.0
"('wind1', 15, 5)",wind1,15,5,19.0485721116784
"('solar1', 15, 6)",solar1,15,6,17.2812413722826
"('ng3', 15, 6)",ng3,15,6,400.0
"('ng0', 15, 6)",ng0,15,6,200.0
"('wind0', 15, 6)",wind0,15,6,51.670870805411
"('solar0', 15, 6)",solar0,15,6,10.1484908563682
"('solar2', 15, 6)",solar2,15,6,16.7337473685838
"('ng2', 15, 6)",ng2,15,6,0.0
"('wind2', 15, 6)",wind2,15,6,27.3461887983493
"('ng1', 15, 6)",ng1,15,6,105.494498920955
"('ng4', 15, 6)",ng4,15,6,0.0
"('wind1', 15, 6)",wind1,15,6,23.3282538277396
"('solar1', 16, 1)",solar1,16,1,11.7790403658489
"('ng3', 16, 1)",ng3,16,1,400.0
"('ng0', 16, 1)",ng0,16,1,200.0
"('wind0', 16, 1)",wind0,16,1,29.9176845373741
"('solar0', 16, 1)",solar0,16,1,10.0957375066459
"('solar2', 16, 1)",solar2,16,1,11.342049174425
"('ng2', 16, 1)",ng2,16,1,11.584778613505
"('wind2', 16, 1)",wind2,16,1,22.815015436725
"('ng1', 16, 1)",ng1,16,1,150.0
"('ng4', 16, 1)",ng4,16,1,0.0
"('wind1', 16, 1)",wind1,16,1,25.6288138177788
"('solar1', 16, 2)",solar1,16,2,12.3769228095938
"('ng3', 16, 2)",ng3,16,2,400.0
"('ng0', 16, 2)",ng0,16,2,200.0
"('wind0', 16, 2)",wind0,16,2,28.1418018998426
"('solar0', 16, 2)",solar0,16,2,9.76731542558276
"('solar2', 16, 2)",solar2,16,2,3.43951346059153
"('ng2', 16, 2)",ng2,16,2,0.0
"('wind2', 16, 2)",wind2,16,2,23.9778336232783
"('ng1', 16, 2)",ng1,16,2,140.142162078514
"('ng4', 16, 2)",ng4,16,2,0.0
"('wind1', 16, 2)",wind1,16,2,23.9987298556107
"('solar1', 16, 3)",solar1,16,3,21.667267659704
"('ng3', 16, 3)",ng3,16,3,400.0
"('ng0', 16, 3)",ng0,16,3,200.0
"('wind0', 16, 3)",wind0,16,3,26.1120849373785
"('solar0', 16, 3)",solar0,16,3,10.4216271018322
"('solar2', 16, 3)",solar2,16,3,20.4696825067494
"('ng2', 16, 3)",ng2,16,3,0.0
"('wind2', 16, 3)",wind2,16,3,24.7906958974785
"('ng1', 16, 3)",ng1,16,3,115.58474994139
"('ng4', 16, 3)",ng4,16,3,0.0
"('wind1', 16, 3)",wind1,16,3,20.7214351956561
"('solar1', 16, 4)",solar1,16,4,17.4909637606285
"('ng3', 16, 4)",ng3,16,4,400.0
"('ng0', 16, 4)",ng0,16,4,200.0
"('wind0', 16, 4)",wind0,16,4,29.5435049421428
"('solar0', 16, 4)",solar0,16,4,5.289371707492
"('solar2', 16, 4)",solar2,16,4,14.0988495153434
"('ng2', 16, 4)",ng2,16,4,50.5718783447046
"('wind2', 16, 4)",wind2,16,4,29.4272019854733
"('ng1', 16, 4)",ng1,16,4,150.0
"('ng4', 16, 4)",ng4,16,4,0.0
"('wind1', 16, 4)",wind1,16,4,21.7233768843921
"('solar1', 16, 5)",solar1,16,5,9.85226834537444
"('ng3', 16, 5)",ng3,16,5,400.0
"('ng0', 16, 5)",ng0,16,5,200.0
"('wind0', 16, 5)",wind0,16,5,35.9586205439184
"('solar0', 16, 5)",solar0,16,5,6.51656176817128
"('solar2', 16, 5)",solar2,16,5,7.28332539337164
"('ng2', 16, 5)",ng2,16,5,16.2046405681606
"('wind2', 16, 5)",wind2,16,5,25.9608741948845
"('ng1', 16, 5)",ng1,16,5,150.0
"('ng4', 16, 5)",ng4,16,5,0.0
"('wind1', 16, 5)",wind1,16,5,13.2992664312523
"('solar1', 16, 6)",solar1,16,6,25.9318881108991
"('ng3', 16, 6)",ng3,16,6,400.0
"('ng0', 16, 6)",ng0,16,6,200.0
"('wind0', 16, 6)",wind0,16,6,55.2382907350694
"('solar0', 16, 6)",solar0,16,6,5.62486594370264
"('solar2', 16, 6)",solar2,16,6,9.91436070817971
"('ng2', 16, 6)",ng2,16,6,2.61187503545365
"('wind2', 16, 6)",wind2,16,6,21.548896295579
"('ng1', 16, 6)",ng1,16,6,150.0
"('ng4', 16, 6)",ng4,16,6,0.0
"('wind1', 16, 6)",wind1,16,6,5.59111775627097
"('solar1', 17, 1)",solar1,17,1,12.6993447179219
"('ng3', 17, 1)",ng3,17,1,400.0
"('ng0', 17, 1)",ng0,17,1,200.0
"('wind0', 17, 1)",wind0,17,1,49.2559875733952
"('solar0', 17, 1)",solar0,17,1,6.60628185012522
"('solar2', 17, 1)",solar2,17,1,6.18896859954256
"('ng2', 17, 1)",ng2,17,1,85.9602710457599
"('wind2', 17, 1)",wind2,17,1,19.8515341773775
"('ng1', 17, 1)",ng1,17,1,150.0
"('ng4', 17, 1)",ng4,17,1,0.0
"('wind1', 17, 1)",wind1,17,1,4.60270835512903
"('solar1', 17, 2)",solar1,17,2,8.87224529847172
"('ng3', 17, 2)",ng3,17,2,400.0
"('ng0', 17, 2)",ng0,17,2,200.0
"('wind0', 17, 2)",wind0,17,2,49.8714234507253
"('solar0', 17, 2)",solar0,17,2,5.46595941727194
"('solar2', 17, 2)",solar2,17,2,9.75135842296292
"('ng2', 17, 2)",ng2,17,2,143.776044336862
"('wind2', 17, 2)",wind2,17,2,20.44403474197
"('ng1', 17, 2)",ng1,17,2,150.0
"('ng4', 17, 2)",ng4,17,2,0.0
"('wind1', 17, 2)",wind1,17,2,2.58139319314905
"('solar1', 17, 3)",solar1,17,3,6.3742829693455
"('ng3', 17, 3)",ng3,17,3,400.0
"('ng0', 17, 3)",ng0,17,3,200.0
"('wind0', 17, 3)",wind0,17,3,63.1721836015767
"('solar0', 17, 3)",solar0,17,3,11.4081747848564
"('solar2', 17, 3)",solar2,17,3,4.04595637079483
"('ng2', 17, 3)",ng2,17,3,78.5057052419592
"('wind2', 17, 3)",wind2,17,3,25.4555496906821
"('ng1', 17, 3)",ng1,17,3,150.0
"('ng4', 17, 3)",ng4,17,3,0.0
"('wind1', 17, 3)",wind1,17,3,1.47746553559621
"('solar1', 17, 4)",solar1,17,4,3.11024055473612
"('ng3', 17, 4)",ng3,17,4,400.0
"('ng0', 17, 4)",ng0,17,4,200.0
"('wind0', 17, 4)",wind0,17,4,68.0978187507941
"('solar0', 17, 4)",solar0,17,4,8.19901377104523
"('solar2', 17, 4)",solar2,17,4,13.5054231775162
"('ng2', 17, 4)",ng2,17,4,129.016031742084
"('wind2', 17, 4)",wind2,17,4,24.8875288416393
"('ng1', 17, 4)",ng1,17,4,150.0
"('ng4', 17, 4)",ng4,17,4,0.0
"('wind1', 17, 4)",wind1,17,4,1.81185771761274
"('solar1', 17, 5)",solar1,17,5,12.3968817772241
"('ng3', 17, 5)",ng3,17,5,400.0
"('ng0', 17, 5)",ng0,17,5,200.0
"('wind0', 17, 5)",wind0,17,5,65.0666787405354
"('solar0', 17, 5)",solar0,17,5,5.53373935575114
"('solar2', 17, 5)",solar2,17,5,13.5032090854912
"('ng2', 17, 5)",ng2,17,5,62.6732618742507
"('wind2', 17, 5)",wind2,17,5,22.7721839827625
"('ng1', 17, 5)",ng1,17,5,150.0
"('ng4', 17, 5)",ng4,17,5,0.0
"('wind1', 17, 5)",wind1,17,5,0.422500098511426
"('solar1', 17, 6)",solar1,17,6,13.3271916075129
"('ng3', 17, 6)",ng3,17,6,400.0
"('ng0', 17, 6)",ng0,17,6,200.0
"('wind0', 17, 6)",wind0,17,6,65.390197805344
"('solar0', 17, 6)",solar0,17,6,5.75871898341365
"('solar2', 17, 6)",solar2,17,6,10.4749581946891
"('ng2', 17, 6)",ng2,17,6,105.663116053691
"('wind2', 17, 6)",wind2,17,6,22.0216808608661
"('ng1', 17, 6)",ng1,17,6,150.0
"('ng4', 17, 6)",ng4,17,6,0.0
"('wind1', 17, 6)",wind1,17,6,0.0492900007185387
"('solar1', 18, 1)",solar1,18,1,4.08947096995021
"('ng3', 18, 1)",ng3,18,1,400.0
"('ng0', 18, 1)",ng0,18,1,200.0
"('wind0', 18, 1)",wind0,18,1,62.4608445821417
"('solar0', 18, 1)",solar0,18,1,2.40439236240525
"('solar2', 18, 1)",solar2,18,1,4.97970267479926
"('ng2', 18, 1)",ng2,18,1,150.0
"('wind2', 18, 1)",wind2,18,1,24.569918978397
"('ng1', 18, 1)",ng1,18,1,150.0
"('ng4', 18, 1)",ng4,18,1,50.1396064897383
"('wind1', 18, 1)",wind1,18,1,0.0338611444204996
"('solar1', 18, 2)",solar1,18,2,6.17624558595642
"('ng3', 18, 2)",ng3,18,2,400.0
"('ng0', 18, 2)",ng0,18,2,200.0
"('wind0', 18, 2)",wind0,18,2,74.2290719085484
"('solar0', 18, 2)",solar0,18,2,2.56767169304567
"('solar2', 18, 2)",solar2,18,2,5.98466367540637
"('ng2', 18, 2)",ng2,18,2,150.0
"('wind2', 18, 2)",wind2,18,2,26.2480321091418
"('ng1', 18, 2)",ng1,18,2,150.0
"('ng4', 18, 2)",ng4,18,2,96.0093669850437
"('wind1', 18, 2)",wind1,18,2,0.00289397544494965
"('solar1', 18, 3)",solar1,18,3,7.85810866243263
"('ng3', 18, 3)",ng3,18,3,400.0
"('ng0', 18, 3)",ng0,18,3,200.0
"('wind0', 18, 3)",wind0,18,3,67.9126872285267
"('solar0', 18, 3)",solar0,18,3,2.54211256728919
"('solar2', 18, 3)",solar2,18,3,5.0191095465036
"('ng2', 18, 3)",ng2,18,3,150.0
"('wind2', 18, 3)",wind2,18,3,28.4544087803582
"('ng1', 18, 3)",ng1,18,3,150.0
"('ng4', 18, 3)",ng4,18,3,90.9723790765097
"('wind1', 18, 3)",wind1,18,3,0.708760022186487
"('solar1', 18, 4)",solar1,18,4,4.54081704122341
"('ng3', 18, 4)",ng3,18,4,400.0
"('ng0', 18, 4)",ng0,18,4,200.0
"('wind0', 18, 4)",wind0,18,4,59.0051792238696
"('solar0', 18, 4)",solar0,18,4,3.89832503939841
"('solar2', 18, 4)",solar2,18,4,3.95500279567282
"('ng2', 18, 4)",ng2,18,4,150.0
"('wind2', 18, 4)",wind2,18,4,26.524781191892
"('ng1', 18, 4)",ng1,18,4,150.0
"('ng4', 18, 4)",ng4,18,4,105.682050094282
"('wind1', 18, 4)",wind1,18,4,0.628701153827415
"('solar1', 18, 5)",solar1,18,5,3.84441653587499
"('ng3', 18, 5)",ng3,18,5,400.0
"('ng0', 18, 5)",ng0,18,5,200.0
"('wind0', 18, 5)",wind0,18,5,58.7001747391936
"('solar0', 18, 5)",solar0,18,5,2.75491692674812
"('solar2', 18, 5)",solar2,18,5,5.54511940608644
"('ng2', 18, 5)",ng2,18,5,150.0
"('wind2', 18, 5)",wind2,18,5,24.8755395063603
"('ng1', 18, 5)",ng1,18,5,150.0
"('ng4', 18, 5)",ng4,18,5,64.3315366673071
"('wind1', 18, 5)",wind1,18,5,0.156363734061019
"('solar1', 18, 6)",solar1,18,6,3.15329994647665
"('ng3', 18, 6)",ng3,18,6,400.0
"('ng0', 18, 6)",ng0,18,6,200.0
"('wind0', 18, 6)",wind0,18,6,65.1511011730202
"('solar0', 18, 6)",solar0,18,6,2.96168064998229
"('solar2', 18, 6)",solar2,18,6,3.94066386190776
"('ng2', 18, 6)",ng2,18,6,150.0
"('wind2', 18, 6)",wind2,18,6,25.0350544575283
"('ng1', 18, 6)",ng1,18,6,150.0
"('ng4', 18, 6)",ng4,18,6,99.7852416199905
"('wind1', 18, 6)",wind1,18,6,0.0
"('solar1', 19, 1)",solar1,19,1,0.0
"('ng3', 19, 1)",ng3,19,1,400.0
"('ng0', 19, 1)",ng0,19,1,200.0
"('wind0', 19, 1)",wind0,19,1,61.4749969668915
"('solar0', 19, 1)",solar0,19,1,0.0
"('solar2', 19, 1)",solar2,19,1,0.0
"('ng2', 19, 1)",ng2,19,1,148.853469068096
"('wind2', 19, 1)",wind2,19,1,25.0500708155208
"('ng1', 19, 1)",ng1,19,1,150.0
"('ng4', 19, 1)",ng4,19,1,0.0
"('wind1', 19, 1)",wind1,19,1,0.0133642316374611
"('solar1', 19, 2)",solar1,19,2,0.0
"('ng3', 19, 2)",ng3,19,2,400.0
"('ng0', 19, 2)",ng0,19,2,200.0
"('wind0', 19, 2)",wind0,19,2,55.7421142653853
"('solar0', 19, 2)",solar0,19,2,0.0
"('solar2', 19, 2)",solar2,19,2,0.0
"('ng2', 19, 2)",ng2,19,2,150.0
"('wind2', 19, 2)",wind2,19,2,20.0728155291447
"('ng1', 19, 2)",ng1,19,2,150.0
"('ng4', 19, 2)",ng4,19,2,76.9761051960513
"('wind1', 19, 2)",wind1,19,2,0.107921617755999
"('solar1', 19, 3)",solar1,19,3,0.0
"('ng3', 19, 3)",ng3,19,3,400.0
"('ng0', 19, 3)",ng0,19,3,200.0
"('wind0', 19, 3)",wind0,19,3,49.2457708118121
"('solar0', 19, 3)",solar0,19,3,0.0
"('solar2', 19, 3)",solar2,19,3,0.0
"('ng2', 19, 3)",ng2,19,3,150.0
"('wind2', 19, 3)",wind2,19,3,13.9012619378052
"('ng1', 19, 3)",ng1,19,3,150.0
"('ng4', 19, 3)",ng4,19,3,82.481467940144
"('wind1', 19, 3)",wind1,19,3,0.249584626453781
"('solar1', 19, 4)",solar1,19,4,0.0
"('ng3', 19, 4)",ng3,19,4,400.0
"('ng0', 19, 4)",ng0,19,4,200.0
"('wind0', 19, 4)",wind0,19,4,64.1586525914386
"('solar0', 19, 4)",solar0,19,4,0.0
"('solar2', 19, 4)",solar2,19,4,0.0
"('ng2', 19, 4)",ng2,19,4,150.0
"('wind2', 19, 4)",wind2,19,4,24.7242891029844
"('ng1', 19, 4)",ng1,19,4,150.0
"('ng4', 19, 4)",ng4,19,4,103.87633551409
"('wind1', 19, 4)",wind1,19,4,0.06082312570367
"('solar1', 19, 5)",solar1,19,5,0.0
"('ng3', 19, 5)",ng3,19,5,400.0
"('ng0', 19, 5)",ng0,19,5,200.0
"('wind0', 19, 5)",wind0,19,5,83.9989480833637
"('solar0', 19, 5)",solar0,19,5,0.0
"('solar2', 19, 5)",solar2,19,5,0.0
"('ng2', 19, 5)",ng2,19,5,150.0
"('wind2', 19, 5)",wind2,19,5,25.2804984776673
"('ng1', 19, 5)",ng1,19,5,150.0
"('ng4', 19, 5)",ng4,19,5,21.4198544114565
"('wind1', 19, 5)",wind1,19,5,0.509615520280983
"('solar1', 19, 6)",solar1,19,6,0.0
"('ng3', 19, 6)",ng3,19,6,400.0
"('ng0', 19, 6)",ng0,19,6,200.0
"('wind0', 19, 6)",wind0,19,6,86.1582309032508
"('solar0', 19, 6)",solar0,19,6,0.0
"('solar2', 19, 6)",solar2,19,6,0.0
"('ng2', 19, 6)",ng2,19,6,150.0
"('wind2', 19, 6)",wind2,19,6,28.0805781594008
"('ng1', 19, 6)",ng1,19,6,150.0
"('ng4', 19, 6)",ng4,19,6,6.02498451361554
"('wind1', 19, 6)",wind1,19,6,0.631551877350071
"('solar1', 20, 1)",solar1,20,1,0.0
"('ng3', 20, 1)",ng3,20,1,400.0
"('ng0', 20, 1)",ng0,20,1,200.0
"('wind0', 20, 1)",wind0,20,1,78.6399666283694
"('solar0', 20, 1)",solar0,20,1,0.0
"('solar2', 20, 1)",solar2,20,1,0.0
"('ng2', 20, 1)",ng2,20,1,150.0
"('wind2', 20, 1)",wind2,20,1,20.3737658811818
"('ng1', 20, 1)",ng1,20,1,150.0
"('ng4', 20, 1)",ng4,20,1,7.1149607143252
"('wind1', 20, 1)",wind1,20,1,0.8865699381585
"('solar1', 20, 2)",solar1,20,2,0.0
"('ng3', 20, 2)",ng3,20,2,400.0
"('ng0', 20, 2)",ng0,20,2,200.0
"('wind0', 20, 2)",wind0,20,2,77.2465878081938
"('solar0', 20, 2)",solar0,20,2,0.0
"('solar2', 20, 2)",solar2,20,2,0.0
"('ng2', 20, 2)",ng2,20,2,150.0
"('wind2', 20, 2)",wind2,20,2,14.1296482079934
"('ng1', 20, 2)",ng1,20,2,150.0
"('ng4', 20, 2)",ng4,20,2,5.62524807150384
"('wind1', 20, 2)",wind1,20,2,0.851319565319192
"('solar1', 20, 3)",solar1,20,3,0.0
"('ng3', 20, 3)",ng3,20,3,400.0
"('ng0', 20, 3)",ng0,20,3,200.0
"('wind0', 20, 3)",wind0,20,3,76.36253062704
"('solar0', 20, 3)",solar0,20,3,0.0
"('solar2', 20, 3)",solar2,20,3,0.0
"('ng2', 20, 3)",ng2,20,3,150.0
"('wind2', 20, 3)",wind2,20,3,8.72248818669123
"('ng1', 20, 3)",ng1,20,3,150.0
"('ng4', 20, 3)",ng4,20,3,29.3102530735251
"('wind1', 20, 3)",wind1,20,3,0.297245604473897
"('solar1', 20, 4)",solar1,20,4,0.0
"('ng3', 20, 4)",ng3,20,4,400.0
"('ng0', 20, 4)",ng0,20,4,200.0
"('wind0', 20, 4)",wind0,20,4,60.4663410473582
"('solar0', 20, 4)",solar0,20,4,0.0
"('solar2', 20, 4)",solar2,20,4,0.0
"('ng2', 20, 4)",ng2,20,4,150.0
"('wind2', 20, 4)",wind2,20,4,7.36043915882946
"('ng1', 20, 4)",ng1,20,4,150.0
"('ng4', 20, 4)",ng4,20,4,53.7295513252234
"('wind1', 20, 4)",wind1,20,4,0.23433885152301
"('solar1', 20, 5)",solar1,20,5,0.0
"('ng3', 20, 5)",ng3,20,5,400.0
"('ng0', 20, 5)",ng0,20,5,200.0
"('wind0', 20, 5)",wind0,20,5,77.6722240441818
"('solar0', 20, 5)",solar0,20,5,0.0
"('solar2', 20, 5)",solar2,20,5,0.0
"('ng2', 20, 5)",ng2,20,5,150.0
"('wind2', 20, 5)",wind2,20,5,4.833565153657
"('ng1', 20, 5)",ng1,20,5,150.0
"('ng4', 20, 5)",ng4,20,5,37.3588477403673
"('wind1', 20, 5)",wind1,20,5,1.09179792910571
"('solar1', 20, 6)",solar1,20,6,0.0
"('ng3', 20, 6)",ng3,20,6,400.0
"('ng0', 20, 6)",ng0,20,6,200.0
"('wind0', 20, 6)",wind0,20,6,108.369171644257
"('solar0', 20, 6)",solar0,20,6,0.0
"('solar2', 20, 6)",solar2,20,6,0.0
"('ng2', 20, 6)",ng2,20,6,140.399491608156
"('wind2', 20, 6)",wind2,20,6,2.19652312788904
"('ng1', 20, 6)",ng1,20,6,150.0
"('ng4', 20, 6)",ng4,20,6,0.0
"('wind1', 20, 6)",wind1,20,6,2.83360075083605
"('solar1', 21, 1)",solar1,21,1,0.0
"('ng3', 21, 1)",ng3,21,1,400.0
"('ng0', 21, 1)",ng0,21,1,200.0
"('wind0', 21, 1)",wind0,21,1,84.4040011635912
"('solar0', 21, 1)",solar0,21,1,0.0
"('solar2', 21, 1)",solar2,21,1,0.0
"('ng2', 21, 1)",ng2,21,1,65.2278739775106
"('wind2', 21, 1)",wind2,21,1,1.83657946313697
"('ng1', 21, 1)",ng1,21,1,150.0
"('ng4', 21, 1)",ng4,21,1,0.0
"('wind1', 21, 1)",wind1,21,1,3.72875225427762
"('solar1', 21, 2)",solar1,21,2,0.0
"('ng3', 21, 2)",ng3,21,2,400.0
"('ng0', 21, 2)",ng0,21,2,200.0
"('wind0', 21, 2)",wind0,21,2,69.9616899719238
"('solar0', 21, 2)",solar0,21,2,0.0
"('solar2', 21, 2)",solar2,21,2,0.0
"('ng2', 21, 2)",ng2,21,2,86.0110965168956
"('wind2', 21, 2)",wind2,21,2,0.197560748332072
"('ng1', 21, 2)",ng1,21,2,150.0
"('ng4', 21, 2)",ng4,21,2,0.0
"('wind1', 21, 2)",wind1,21,2,6.30591491575025
"('solar1', 21, 3)",solar1,21,3,0.0
"('ng3', 21, 3)",ng3,21,3,400.0
"('ng0', 21, 3)",ng0,21,3,200.0
"('wind0', 21, 3)",wind0,21,3,91.1257745388897
"('solar0', 21, 3)",solar0,21,3,0.0
"('solar2', 21, 3)",solar2,21,3,0.0
"('ng2', 21, 3)",ng2,21,3,58.9354890030956
"('wind2', 21, 3)",wind2,21,3,0.490414017085338
"('ng1', 21, 3)",ng1,21,3,150.0
"('ng4', 21, 3)",ng4,21,3,0.0
"('wind1', 21, 3)",wind1,21,3,9.71278477257802
"('solar1', 21, 4)",solar1,21,4,0.0
"('ng3', 21, 4)",ng3,21,4,400.0
"('ng0', 21, 4)",ng0,21,4,200.0
"('wind0', 21, 4)",wind0,21,4,122.676250195064
"('solar0', 21, 4)",solar0,21,4,0.0
"('solar2', 21, 4)",solar2,21,4,0.0
"('ng2', 21, 4)",ng2,21,4,53.1449253272064
"('wind2', 21, 4)",wind2,21,4,0.623921268529389
"('ng1', 21, 4)",ng1,21,4,150.0
"('ng4', 21, 4)",ng4,21,4,0.0
"('wind1', 21, 4)",wind1,21,4,11.0320609755512
"('solar1', 21, 5)",solar1,21,5,0.0
"('ng3', 21, 5)",ng3,21,5,400.0
"('ng0', 21, 5)",ng0,21,5,200.0
"('wind0', 21, 5)",wind0,21,5,118.212546996648
"('solar0', 21, 5)",solar0,21,5,0.0
"('solar2', 21, 5)",solar2,21,5,0.0
"('ng2', 21, 5)",ng2,21,5,20.6890725643837
"('wind2', 21, 5)",wind2,21,5,0.0212559844126531
"('ng1', 21, 5)",ng1,21,5,150.0
"('ng4', 21, 5)",ng4,21,5,0.0
"('wind1', 21, 5)",wind1,21,5,15.9565955387098
"('solar1', 21, 6)",solar1,21,6,0.0
"('ng3', 21, 6)",ng3,21,6,400.0
"('ng0', 21, 6)",ng0,21,6,200.0
"('wind0', 21, 6)",wind0,21,6,104.027676007633
"('solar0', 21, 6)",solar0,21,6,0.0
"('solar2', 21, 6)",solar2,21,6,0.0
"('ng2', 21, 6)",ng2,21,6,53.3297960658899
"('wind2', 21, 6)",wind2,21,6,0.192277174389449
"('ng1', 21, 6)",ng1,21,6,150.0
"('ng4', 21, 6)",ng4,21,6,0.0
"('wind1', 21, 6)",wind1,21,6,18.4481456524238
"('solar1', 22, 1)",solar1,22,1,0.0
"('ng3', 22, 1)",ng3,22,1,400.0
"('ng0', 22, 1)",ng0,22,1,200.0
"('wind0', 22, 1)",wind0,22,1,113.229548415723
"('solar0', 22, 1)",solar0,22,1,0.0
"('solar2', 22, 1)",solar2,22,1,0.0
"('ng2', 22, 1)",ng2,22,1,0.0
"('wind2', 22, 1)",wind2,22,1,2.48666330147988
"('ng1', 22, 1)",ng1,22,1,89.0881705655462
"('ng4', 22, 1)",ng4,22,1,0.0
"('wind1', 22, 1)",wind1,22,1,15.1881759825917
"('solar1', 22, 2)",solar1,22,2,0.0
"('ng3', 22, 2)",ng3,22,2,400.0
"('ng0', 22, 2)",ng0,22,2,200.0
"('wind0', 22, 2)",wind0,22,2,113.921391022826
"('solar0', 22, 2)",solar0,22,2,0.0
"('solar2', 22, 2)",solar2,22,2,0.0
"('ng2', 22, 2)",ng2,22,2,0.0
"('wind2', 22, 2)",wind2,22,2,5.01070553008464
"('ng1', 22, 2)",ng1,22,2,73.1463019103926
"('ng4', 22, 2)",ng4,22,2,0.0
"('wind1', 22, 2)",wind1,22,2,10.082649198694
"('solar1', 22, 3)",solar1,22,3,0.0
"('ng3', 22, 3)",ng3,22,3,400.0
"('ng0', 22, 3)",ng0,22,3,200.0
"('wind0', 22, 3)",wind0,22,3,98.9304878326399
"('solar0', 22, 3)",solar0,22,3,0.0
"('solar2', 22, 3)",solar2,22,3,0.0
"('ng2', 22, 3)",ng2,22,3,0.0
"('wind2', 22, 3)",wind2,22,3,1.72749550969887
"('ng1', 22, 3)",ng1,22,3,97.2903655688134
"('ng4', 22, 3)",ng4,22,3,0.0
"('wind1', 22, 3)",wind1,22,3,6.35220647980295
"('solar1', 22, 4)",solar1,22,4,0.0
"('ng3', 22, 4)",ng3,22,4,400.0
"('ng0', 22, 4)",ng0,22,4,200.0
"('wind0', 22, 4)",wind0,22,4,58.2464395251622
"('solar0', 22, 4)",solar0,22,4,0.0
"('solar2', 22, 4)",solar2,22,4,0.0
"('ng2', 22, 4)",ng2,22,4,4.2814484487201
"('wind2', 22, 4)",wind2,22,4,0.0862937708418988
"('ng1', 22, 4)",ng1,22,4,150.0
"('ng4', 22, 4)",ng4,22,4,0.0
"('wind1', 22, 4)",wind1,22,4,9.76845360601806
"('solar1', 22, 5)",solar1,22,5,0.0
"('ng3', 22, 5)",ng3,22,5,400.0
"('ng0', 22, 5)",ng0,22,5,200.0
"('wind0', 22, 5)",wind0,22,5,55.3196184170449
"('solar0', 22, 5)",solar0,22,5,0.0
"('solar2', 22, 5)",solar2,22,5,0.0
"('ng2', 22, 5)",ng2,22,5,16.5227866761103
"('wind2', 22, 5)",wind2,22,5,0.00670459127114308
"('ng1', 22, 5)",ng1,22,5,150.0
"('ng4', 22, 5)",ng4,22,5,0.0
"('wind1', 22, 5)",wind1,22,5,7.34166016688695
"('solar1', 22, 6)",solar1,22,6,0.0
"('ng3', 22, 6)",ng3,22,6,400.0
"('ng0', 22, 6)",ng0,22,6,200.0
"('wind0', 22, 6)",wind0,22,6,57.5335172502244
"('solar0', 22, 6)",solar0,22,6,0.0
"('solar2', 22, 6)",solar2,22,6,0.0
"('ng2', 22, 6)",ng2,22,6,0.0
"('wind2', 22, 6)",wind2,22,6,0.0
"('ng1', 22, 6)",ng1,22,6,131.031008527413
"('ng4', 22, 6)",ng4,22,6,0.0
"('wind1', 22, 6)",wind1,22,6,2.23789312096566
"('solar1', 23, 1)",solar1,23,1,0.0
"('ng3', 23, 1)",ng3,23,1,400.0
"('ng0', 23, 1)",ng0,23,1,200.0
"('wind0', 23, 1)",wind0,23,1,83.6810336768927
"('solar0', 23, 1)",solar0,23,1,0.0
"('solar2', 23, 1)",solar2,23,1,0.0
"('ng2', 23, 1)",ng2,23,1,0.0
"('wind2', 23, 1)",wind2,23,1,1.42460636302375
"('ng1', 23, 1)",ng1,23,1,59.5210050422758
"('ng4', 23, 1)",ng4,23,1,0.0
"('wind1', 23, 1)",wind1,23,1,1.22597955232284
"('solar1', 23, 2)",solar1,23,2,0.0
"('ng3', 23, 2)",ng3,23,2,400.0
"('ng0', 23, 2)",ng0,23,2,200.0
"('wind0', 23, 2)",wind0,23,2,99.9859690239331
"('solar0', 23, 2)",solar0,23,2,0.0
"('solar2', 23, 2)",solar2,23,2,0.0
"('ng2', 23, 2)",ng2,23,2,0.0
"('wind2', 23, 2)",wind2,23,2,4.53153108891504
"('ng1', 23, 2)",ng1,23,2,37.3680327502467
"('ng4', 23, 2)",ng4,23,2,0.0
"('wind1', 23, 2)",wind1,23,2,2.18800986738467
"('solar1', 23, 3)",solar1,23,3,0.0
"('ng3', 23, 3)",ng3,23,3,400.0
"('ng0', 23, 3)",ng0,23,3,200.0
"('wind0', 23, 3)",wind0,23,3,124.049100672949
"('solar0', 23, 3)",solar0,23,3,0.0
"('solar2', 23, 3)",solar2,23,3,0.0
"('ng2', 23, 3)",ng2,23,3,0.0
"('wind2', 23, 3)",wind2,23,3,25.2031000738493
"('ng1', 23, 3)",ng1,23,3,36.9805727258074
"('ng4', 23, 3)",ng4,23,3,0.0
"('wind1', 23, 3)",wind1,23,3,0.952008351928907
"('solar1', 23, 4)",solar1,23,4,0.0
"('ng3', 23, 4)",ng3,23,4,368.6763432085
"('ng0', 23, 4)",ng0,23,4,200.0
"('wind0', 23, 4)",wind0,23,4,131.098024249806
"('solar0', 23, 4)",solar0,23,4,0.0
"('solar2', 23, 4)",solar2,23,4,0.0
"('ng2', 23, 4)",ng2,23,4,0.0
"('wind2', 23, 4)",wind2,23,4,49.7487736610182
"('ng1', 23, 4)",ng1,23,4,0.0
"('ng4', 23, 4)",ng4,23,4,0.0
"('wind1', 23, 4)",wind1,23,4,0.067944977310803
"('solar1', 23, 5)",solar1,23,5,0.0
"('ng3', 23, 5)",ng3,23,5,390.041253123145
"('ng0', 23, 5)",ng0,23,5,200.0
"('wind0', 23, 5)",wind0,23,5,115.696733303341
"('solar0', 23, 5)",solar0,23,5,0.0
"('solar2', 23, 5)",solar2,23,5,0.0
"('ng2', 23, 5)",ng2,23,5,0.0
"('wind2', 23, 5)",wind2,23,5,45.5804688790428
"('ng1', 23, 5)",ng1,23,5,0.0
"('ng4', 23, 5)",ng4,23,5,0.0
"('wind1', 23, 5)",wind1,23,5,0.0240431695881381
"('solar1', 23, 6)",solar1,23,6,0.0
"('ng3', 23, 6)",ng3,23,6,400.0
"('ng0', 23, 6)",ng0,23,6,200.0
"('wind0', 23, 6)",wind0,23,6,110.640015431289
"('solar0', 23, 6)",solar0,23,6,0.0
"('solar2', 23, 6)",solar2,23,6,0.0
"('ng2', 23, 6)",ng2,23,6,0.0
"('wind2', 23, 6)",wind2,23,6,30.3441978839753
"('ng1', 23, 6)",ng1,23,6,7.03032959208099
"('ng4', 23, 6)",ng4,23,6,0.0
"('wind1', 23, 6)",wind1,23,6,0.058538291450878
"('solar1', 24, 1)",solar1,24,1,0.0
"('ng3', 24, 1)",ng3,24,1,364.142278221051
"('ng0', 24, 1)",ng0,24,1,200.0
"('wind0', 24, 1)",wind0,24,1,149.046800071543
"('solar0', 24, 1)",solar0,24,1,0.0
"('solar2', 24, 1)",solar2,24,1,0.0
"('ng2', 24, 1)",ng2,24,1,0.0
"('wind2', 24, 1)",wind2,24,1,10.947190525
"('ng1', 24, 1)",ng1,24,1,0.0
"('ng4', 24, 1)",ng4,24,1,0.0
"('wind1', 24, 1)",wind1,24,1,0.313757569636177
"('solar1', 24, 2)",solar1,24,2,0.0
"('ng3', 24, 2)",ng3,24,2,400.0
"('ng0', 24, 2)",ng0,24,2,200.0
"('wind0', 24, 2)",wind0,24,2,108.000860782618
"('solar0', 24, 2)",solar0,24,2,0.0
"('solar2', 24, 2)",solar2,24,2,0.0
"('ng2', 24, 2)",ng2,24,2,0.0
"('wind2', 24, 2)",wind2,24,2,8.03264476093503
"('ng1', 24, 2)",ng1,24,2,30.3575814579267
"('ng4', 24, 2)",ng4,24,2,0.0
"('wind1', 24, 2)",wind1,24,2,0.0
"('solar1', 24, 3)",solar1,24,3,0.0
"('ng3', 24, 3)",ng3,24,3,394.807176989043
"('ng0', 24, 3)",ng0,24,3,200.0
"('wind0', 24, 3)",wind0,24,3,121.430602150411
"('solar0', 24, 3)",solar0,24,3,0.0
"('solar2', 24, 3)",solar2,24,3,0.0
"('ng2', 24, 3)",ng2,24,3,0.0
"('wind2', 24, 3)",wind2,24,3,11.7434477478325
"('ng1', 24, 3)",ng1,24,3,0.0
"('ng4', 24, 3)",ng4,24,3,0.0
"('wind1', 24, 3)",wind1,24,3,0.0289391253786776
"('solar1', 24, 4)",solar1,24,4,0.0
"('ng3', 24, 4)",ng3,24,4,360.414160699945
"('ng0', 24, 4)",ng0,24,4,200.0
"('wind0', 24, 4)",wind0,24,4,109.955247817466
"('solar0', 24, 4)",solar0,24,4,0.0
"('solar2', 24, 4)",solar2,24,4,0.0
"('ng2', 24, 4)",ng2,24,4,0.0
"('wind2', 24, 4)",wind2,24,4,17.5736459325505
"('ng1', 24, 4)",ng1,24,4,0.0
"('ng4', 24, 4)",ng4,24,4,0.0
"('wind1', 24, 4)",wind1,24,4,0.0
"('solar1', 24, 5)",solar1,24,5,0.0
"('ng3', 24, 5)",ng3,24,5,400.0
"('ng0', 24, 5)",ng0,24,5,200.0
"('wind0', 24, 5)",wind0,24,5,105.73811729589
"('solar0', 24, 5)",solar0,24,5,0.0
"('solar2', 24, 5)",solar2,24,5,0.0
"('ng2', 24, 5)",ng2,24,5,0.0
"('wind2', 24, 5)",wind2,24,5,24.2496319910124
"('ng1', 24, 5)",ng1,24,5,9.98259285371773
"('ng4', 24, 5)",ng4,24,5,0.0
"('wind1', 24, 5)",wind1,24,5,0.0370894698744364
"('solar1', 24, 6)",solar1,24,6,0.0
"('ng3', 24, 6)",ng3,24,6,400.0
"('ng0', 24, 6)",ng0,24,6,200.0
"('wind0', 24, 6)",wind0,24,6,99.3603222714331
"('solar0', 24, 6)",solar0,24,6,0.0
"('solar2', 24, 6)",solar2,24,6,0.0
"('ng2', 24, 6)",ng2,24,6,0.0
"('wind2', 24, 6)",wind2,24,6,35.9927870900837
"('ng1', 24, 6)",ng1,24,6,3.28396517329122
"('ng4', 24, 6)",ng4,24,6,0.0
"('wind1', 24, 6)",wind1,24,6,0.0
